,picture,MotherID,light,dark,dark/light,black,white,red,green,blue,yellow,purple,turquoise
1,G18-AR-1.posterize.JPG,G18-AR-1,28598,12273,0.429155885,10585,26939,1602,0,59190,1659,86,100
2,G18-AR-10.posterize.JPG,G18-AR-10,13983,4584,0.327826647,3843,13407,639,0,52787,576,102,16
3,G18-AR-2.posterize.JPG,G18-AR-2,23752,5967,0.25122095,5005,23030,852,0,50414,722,110,39
4,G18-AR-3.posterize.JPG,G18-AR-3,25395,1896,0.074660366,881,23918,909,0,31484,1477,106,85
5,G18-AR-4.posterize.JPG,G18-AR-4,42965,12309,0.286489003,8280,41086,3803,0,56161,1879,226,17
6,G18-AR-5.posterize.JPG,G18-AR-5,36207,10949,0.302400088,9037,34692,1720,0,78694,1515,192,31
7,G18-AR-6.posterize.JPG,G18-AR-6,25820,11808,0.457319907,10628,24861,1033,0,53125,959,147,32
8,G18-AR-7.posterize.JPG,G18-AR-7,17593,9793,0.556641846,8720,16616,909,0,41600,977,164,24
9,G18-AR-8.posterize.JPG,G18-AR-8,17625,9663,0.548255319,8598,16540,911,0,39449,1085,154,7
10,G18-AR-9.posterize.JPG,G18-AR-9,30005,10132,0.337677054,7183,28157,2826,0,72241,1848,123,26
11,G18-BH-1.posterize.JPG,G18-BH-1,37074,7549,0.203619787,4611,36349,2795,0,78282,725,143,23
12,G18-BH-10.posterize.JPG,G18-BH-10,36520,9958,0.272672508,5995,35071,3730,0,101867,1449,233,26
13,G18-BH-11.posterize.JPG,G18-BH-11,13509,1135,0.084018062,313,12820,649,0,63427,689,173,19
14,G18-BH-12.posterize.JPG,G18-BH-12,30214,7570,0.250546104,4355,28631,3045,0,80587,1583,170,7
15,G18-BH-13.posterize.JPG,G18-BH-13,38335,8042,0.209782183,5044,37640,2832,0,104526,695,166,33
16,G18-BH-14.posterize.JPG,G18-BH-14,32260,10519,0.326069436,3262,31193,7030,0,161392,1067,227,44
17,G18-BH-15.posterize.JPG,G18-BH-15,40465,2701,0.066749042,1092,38217,1461,0,113824,2248,148,12
18,G18-BH-16.posterize.JPG,G18-BH-16,20005,1094,0.054686328,332,18399,649,0,62288,1606,113,11
19,G18-BH-17.posterize.JPG,G18-BH-17,32829,1635,0.049803527,728,32192,665,0,60203,637,242,43
20,G18-BH-18.posterize.JPG,G18-BH-18,27725,10042,0.36220018,7525,26904,2253,0,63787,821,264,71
21,G18-BH-19.posterize.JPG,G18-BH-19,29935,9192,0.307065308,7337,29065,1643,0,63227,870,212,21
22,G18-BH-2.posterize.JPG,G18-BH-2,37728,9062,0.24019296,5032,37145,3715,0,79549,583,315,39
23,G18-BH-20.posterize.JPG,G18-BH-20,22552,3924,0.173997872,1919,20549,1825,0,72476,2003,180,4
24,G18-BH-3.posterize.JPG,G18-BH-3,22433,9828,0.438104578,8381,21937,1332,0,55367,496,115,85
25,G18-BH-4.posterize.JPG,G18-BH-4,22650,3582,0.158145695,1297,21284,2091,0,68182,1366,194,10
26,G18-BH-5.posterize.JPG,G18-BH-5,35750,9134,0.255496503,4603,31311,4302,0,110205,4439,229,3
27,G18-BH-6.posterize.JPG,G18-BH-6,45248,18913,0.417985325,12276,43159,6381,0,126819,2089,256,6
28,G18-BH-7.posterize.JPG,G18-BH-7,52970,13087,0.247064376,6826,51016,5923,0,104229,1954,338,2
29,G18-BH-8.posterize.JPG,G18-BH-8,44016,7498,0.170347146,4138,43205,3154,0,106850,811,206,36
30,G18-BH-9.posterize.JPG,G18-BH-9,23253,8226,0.353760805,5037,22253,2901,0,63333,1000,288,32
31,G18-BB-1.posterize.JPG,G18-BB-1,9887,9632,0.974208557,8268,7793,1216,0,55625,2094,148,0
32,G18-BB-2.posterize.JPG,G18-BB-2,23742,13397,0.564274282,12402,22912,910,1,58362,830,84,70
33,G18-BB-3.posterize.JPG,G18-BB-3,30868,10341,0.335007127,8333,30335,1811,0,45180,533,197,47
34,SF18-Belflou-1.posterize.JPG,SF18-Belflou-1,21712,6531,0.3008014,4540,19119,1817,0,39730,2593,174,67
35,SF18-Belflou-10.posterize.JPG,SF18-Belflou-10,23683,9938,0.419625892,7868,21935,1904,0,46658,1748,166,16
36,SF18-Belflou-11.posterize.JPG,SF18-Belflou-11,21671,8311,0.383507914,6705,17770,1483,0,1704,3901,123,34600
37,SF18-Belflou-12.posterize.JPG,SF18-Belflou-12,26873,6462,0.240464407,4410,23245,1892,0,43823,3628,160,7
38,SF18-Belflou-13.posterize.JPG,SF18-Belflou-13,75887,37324,0.491836546,27994,70059,8785,0,102729,5828,545,141
39,SF18-Belflou-14.posterize.JPG,SF18-Belflou-14,20737,9429,0.454694507,7220,16047,2074,0,42473,4690,135,17
40,SF18-Belflou-15.posterize.JPG,SF18-Belflou-15,22810,8536,0.374221833,6260,20521,1803,0,29630,2289,473,8
41,SF18-Belflou-16.posterize.JPG,SF18-Belflou-16,29211,10436,0.357262675,7672,26365,2322,0,61666,2846,442,7
42,SF18-Belflou-17.posterize.JPG,SF18-Belflou-17,33161,8913,0.26877959,6135,31212,2447,0,47106,1949,331,59
43,SF18-Belflou-18.posterize.JPG,SF18-Belflou-18,51632,13327,0.258115122,7944,36557,5148,0,82227,15075,235,18
44,SF18-Belflou-19.posterize.JPG,SF18-Belflou-19,34778,16814,0.483466559,11926,23859,4638,0,63411,10919,250,7
45,SF18-Belflou-2.posterize.JPG,SF18-Belflou-2,27135,15185,0.559609361,12457,18011,2448,0,49893,9124,280,7
46,SF18-Belflou-20.posterize.JPG,SF18-Belflou-20,16356,9689,0.592382,7889,14339,1648,0,23526,2017,152,1
47,SF18-Belflou-3.posterize.JPG,SF18-Belflou-3,31348,8993,0.286876356,5723,26481,2900,0,40831,4867,370,0
48,SF18-Belflou-4.posterize.JPG,SF18-Belflou-4,23115,7349,0.317932079,6008,21390,1136,0,36605,1725,205,11
49,SF18-Belflou-5.posterize.JPG,SF18-Belflou-5,56670,28929,0.510481736,25782,45704,2969,0,74264,10966,178,11
50,SF18-Belflou-6.posterize.JPG,SF18-Belflou-6,26584,8048,0.302738489,6488,22908,1458,0,33813,3676,102,11
51,SF18-Belflou-7.posterize.JPG,SF18-Belflou-7,39912,9642,0.241581479,7631,38115,1774,0,71000,1797,237,46
52,SF18-Belflou-8.posterize.JPG,SF18-Belflou-8,30437,17414,0.572132602,15355,25397,1937,1,55997,5040,121,27
53,SF18-Belflou-9.posterize.JPG,SF18-Belflou-9,24506,9338,0.381049539,7984,22001,1193,3,38750,2505,158,0
54,G18-BM-1.posterize.JPG,G18-BM-1,25393,4945,0.194738708,3075,14944,1740,0,50878,10449,130,1
55,G18-BM-10.posterize.JPG,G18-BM-10,34565,11944,0.345551859,10141,33820,1583,0,65313,745,220,79
56,G18-BM-11.posterize.JPG,G18-BM-11,25520,6931,0.271590909,5751,24633,1110,0,41103,887,70,74
57,G18-BM-12.posterize.JPG,G18-BM-12,13282,2974,0.223912061,2044,11486,810,0,30217,1796,120,27
58,G18-BM-13.posterize.JPG,G18-BM-13,20256,6265,0.309291074,5005,17170,1180,0,44023,3086,80,43
59,G18-BM-14.posterize.JPG,G18-BM-14,13314,5106,0.383506084,4271,12197,757,1,32590,1117,77,12
60,G18-BM-15.posterize.JPG,G18-BM-15,34511,13361,0.387151923,10398,32246,2607,0,84442,2265,356,16
61,G18-BM-16.posterize.JPG,G18-BM-16,44456,6776,0.152420371,3685,38709,2900,0,82435,5747,191,57
62,G18-BM-17.posterize.JPG,G18-BM-17,13767,7112,0.516597661,5776,11750,1262,0,45809,2017,74,24
63,G18-BM-18.posterize.JPG,G18-BM-18,21574,8525,0.395151571,6966,20601,1330,0,51159,973,229,87
64,G18-BM-19.posterize.JPG,G18-BM-19,17922,4040,0.22542127,2794,15262,1051,0,31739,2660,195,3
65,G18-BM-2.posterize.JPG,G18-BM-2,42366,19476,0.459708257,16033,38862,3256,0,60854,3504,187,19
66,G18-BM-20.posterize.JPG,G18-BM-20,26692,16353,0.612655477,14222,23625,1903,0,52693,3067,228,22
67,G18-BM-21.posterize.JPG,G18-BM-21,25082,13968,0.55689339,11757,24216,1992,0,70351,866,219,39
68,G18-BM-22.posterize.JPG,G18-BM-22,27769,10284,0.370341028,9119,27257,1075,0,52858,512,90,124
69,G18-BM-23.posterize.JPG,G18-BM-23,22388,6447,0.287966768,4263,17111,2018,0,43275,5277,166,18
70,G18-BM-24.posterize.JPG,G18-BM-24,15409,6917,0.448893504,5548,12320,1263,0,33673,3089,106,1
71,G18-BM-25.posterize.JPG,G18-BM-25,20367,10032,0.492561497,7758,15399,2173,0,59563,4968,101,2
72,G18-BM-26.posterize.JPG,G18-BM-26,19798,3994,0.201737549,2536,17585,1343,0,48106,2213,115,22
73,G18-BM-27.posterize.JPG,G18-BM-27,27714,19157,0.691239085,17166,23949,1905,0,58814,3765,86,23
74,G18-BM-28.posterize.JPG,G18-BM-28,12843,3961,0.308417037,3231,11586,624,0,29608,1257,106,40
75,G18-BM-29.posterize.JPG,G18-BM-29,28364,11114,0.39183472,9281,25262,1743,0,49883,3102,90,33
76,G18-BM-3.posterize.JPG,G18-BM-3,23850,8065,0.338155136,6610,21810,1367,0,32964,2040,88,17
77,G18-BM-30.posterize.JPG,G18-BM-30,33167,13313,0.401392951,11395,30783,1726,0,66574,2384,192,46
78,G18-BM-4.posterize.JPG,G18-BM-4,35666,12032,0.3373521,8627,32509,3213,0,49747,3157,192,25
79,G18-BM-5.posterize.JPG,G18-BM-5,24673,10562,0.428079277,8694,19400,1709,0,53577,5273,159,4
80,G18-BM-6.posterize.JPG,G18-BM-6,30279,16648,0.549820007,14780,28099,1655,0,66491,2180,213,66
81,G18-BM-7.posterize.JPG,G18-BM-7,19103,9847,0.515468775,7688,17007,2059,0,38996,2096,100,34
82,G18-BM-8.posterize.JPG,G18-BM-8,21115,3545,0.167890126,2640,18133,790,0,55966,2982,115,14
83,G18-BM-9.posterize.JPG,G18-BM-9,45425,8662,0.190687947,6697,43784,1797,0,70105,1641,168,35
84,G18-BD-1.posterize.JPG,G18-BD-1,23310,13968,0.599227799,11326,22550,2431,0,46414,760,211,40
85,G18-BD-10.posterize.JPG,G18-BD-10,42599,36262,0.851240639,32671,41045,2860,0,75323,1554,731,40
86,G18-BD-11.posterize.JPG,G18-BD-11,45074,9671,0.214558282,4305,43088,5155,0,59589,1986,211,29
87,G18-BD-12.posterize.JPG,G18-BD-12,11786,4998,0.424062447,4190,11624,605,0,20045,162,203,23
88,G18-BD-13.posterize.JPG,G18-BD-13,26285,18824,0.716149895,16334,24604,2290,0,53130,1681,200,17
89,G18-BD-14.posterize.JPG,G18-BD-14,29389,23369,0.795161455,20353,28668,2837,0,48041,721,179,15
90,G18-BD-15.posterize.JPG,G18-BD-15,46619,22896,0.491130226,10283,44501,12380,0,63797,2118,233,19
91,G18-BD-16.posterize.JPG,G18-BD-16,35241,19756,0.560597032,13924,33808,5590,0,57551,1433,242,12
92,G18-BD-17.posterize.JPG,G18-BD-17,13529,4008,0.296252495,2706,12793,1201,0,23796,736,101,27
93,G18-BD-18.posterize.JPG,G18-BD-18,48171,32366,0.67189803,30093,47256,2056,0,67615,915,217,24
94,G18-BD-19.posterize.JPG,G18-BD-19,21381,11243,0.5258407,9347,20596,1725,0,34143,785,171,20
95,G18-BD-2.posterize.JPG,G18-BD-2,25722,14504,0.563875282,11694,23633,2467,0,40733,2089,343,41
96,G18-BD-20.posterize.JPG,G18-BD-20,64488,23780,0.368750775,8349,61639,14973,0,74347,2849,458,12
97,G18-BD-3.posterize.JPG,G18-BD-3,61381,11606,0.189081312,2137,59059,9093,0,72523,2322,376,20
98,G18-BD-4.posterize.JPG,G18-BD-4,33063,25108,0.759398724,13086,29690,11777,0,51672,3373,245,5
99,G18-BD-5.posterize.JPG,G18-BD-5,23196,8411,0.362605622,6244,21987,2070,0,31240,1209,97,31
100,G18-BD-6.posterize.JPG,G18-BD-6,33531,10515,0.313590409,4647,31999,5608,0,49631,1532,260,31
101,G18-BD-7.posterize.JPG,G18-BD-7,46940,23405,0.498615254,17741,38143,5428,0,83198,8797,236,0
102,G18-BD-8.posterize.JPG,G18-BD-8,37111,17959,0.483926599,4239,29907,13426,0,52098,7204,294,0
103,G18-BD-9.posterize.JPG,G18-BD-9,46599,19440,0.417176334,8968,36023,10283,0,63645,10576,189,0
104,G18-BV-1.posterize.JPG,G18-BV-1,16939,8777,0.518153374,8014,16182,675,0,65097,757,88,47
105,G18-BV-10.posterize.JPG,G18-BV-10,22139,5231,0.236279868,4335,21197,813,0,33596,942,83,34
106,G18-BV-11.posterize.JPG,G18-BV-11,17912,10852,0.605850826,9876,16697,877,0,62103,1215,99,5
107,G18-BV-12.posterize.JPG,G18-BV-12,21731,10260,0.472136579,8983,20510,1194,0,50073,1221,83,11
108,G18-BV-13.posterize.JPG,G18-BV-13,10785,3231,0.299582754,2210,10155,808,0,23608,630,213,8
109,G18-BV-14.posterize.JPG,G18-BV-14,15734,5807,0.369073344,5032,15259,675,0,40055,475,100,12
110,G18-BV-2.posterize.JPG,G18-BV-2,29437,21287,0.723137548,20190,24857,958,1,66395,4580,138,81
111,G18-BV-3.posterize.JPG,G18-BV-3,12578,6697,0.532437589,6054,12201,581,0,42610,377,62,19
112,G18-BV-4.posterize.JPG,G18-BV-4,14755,8838,0.598983395,7273,13969,1402,0,40567,786,163,10
113,G18-BV-5.posterize.JPG,G18-BV-5,11819,6037,0.510787715,5014,11256,896,0,28658,563,127,16
114,G18-BV-6.posterize.JPG,G18-BV-6,23324,8149,0.34938261,6502,21578,1483,0,62044,1746,164,45
115,G18-BV-7.posterize.JPG,G18-BV-7,14329,7805,0.54469956,6466,13905,1181,0,41346,424,158,0
116,G18-BV-8.posterize.JPG,G18-BV-8,17902,6928,0.386995866,6045,17406,705,0,50613,496,178,17
117,G18-BV-9.posterize.JPG,G18-BV-9,19671,11015,0.559961364,9997,18845,875,0,50483,826,143,7
118,SF18-Casties-1.posterize.JPG,SF18-Casties-1,30643,13103,0.427601736,11021,28874,1895,0,1575,1769,187,53499
119,SF18-Casties-10.posterize.JPG,SF18-Casties-10,67355,22728,0.337435974,16615,63455,5963,0,82044,3900,150,298
120,SF18-Casties-11.posterize.JPG,SF18-Casties-11,37195,15755,0.423578438,13727,35094,1842,0,71073,2101,186,57
121,SF18-Casties-12.posterize.JPG,SF18-Casties-12,28913,7354,0.254349255,5753,26976,1470,0,40631,1937,131,52
122,SF18-Casties-13.posterize.JPG,SF18-Casties-13,49113,23402,0.476492986,19939,45126,3343,0,62932,3987,120,101
123,SF18-Casties-14.posterize.JPG,SF18-Casties-14,45976,10385,0.225878719,7577,43836,2589,0,49474,2140,219,197
124,SF18-Casties-15.posterize.JPG,SF18-Casties-15,55871,27516,0.492491633,23940,50831,3346,0,71920,5040,230,73
125,SF18-Casties-16.posterize.JPG,SF18-Casties-16,30101,8792,0.292083319,6350,26704,2248,0,38899,3397,194,34
126,SF18-Casties-17.posterize.JPG,SF18-Casties-17,41919,18020,0.429876667,14923,37618,2822,0,51756,4301,275,85
127,SF18-Casties-18.posterize.JPG,SF18-Casties-18,32275,14256,0.441704105,12602,30161,1557,0,48021,2114,97,53
128,SF18-Casties-19.posterize.JPG,SF18-Casties-19,64031,24128,0.376817479,18731,60354,5023,0,77411,3677,374,30
129,SF18-Casties-2.posterize.JPG,SF18-Casties-2,32861,15970,0.485986428,12924,21852,2792,22,50647,11009,232,50
130,SF18-Casties-20.posterize.JPG,SF18-Casties-20,56822,21838,0.384322973,18072,48995,3559,0,88271,7827,207,49
131,SF18-Casties-3.posterize.JPG,SF18-Casties-3,42200,14368,0.340473934,11636,40111,2463,0,60610,2089,269,30
132,SF18-Casties-4.posterize.JPG,SF18-Casties-4,41185,14488,0.35177856,11332,37913,2859,0,50810,3272,297,41
133,SF18-Casties-5.posterize.JPG,SF18-Casties-5,52460,30240,0.576439192,27046,50701,2962,0,82291,1759,232,161
134,SF18-Casties-6.posterize.JPG,SF18-Casties-6,63329,19687,0.310868638,15179,60566,4254,0,74369,2763,254,123
135,SF18-Casties-7.posterize.JPG,SF18-Casties-7,26438,7440,0.281413117,5494,24499,1727,0,39717,1939,219,44
136,SF18-Casties-8.posterize.JPG,SF18-Casties-8,35967,16617,0.46200684,13954,33547,2386,0,50803,2420,277,113
137,SF18-Casties-9.posterize.JPG,SF18-Casties-9,22614,7214,0.319005926,5584,20827,1475,0,1232,1787,155,39910
138,G18-EN-1.posterize.JPG,G18-EN-1,42072,42244,1.00408823,29260,24322,12735,0,144549,17750,249,0
139,G18-EN-2.posterize.JPG,G18-EN-2,28292,18908,0.668316132,16076,21064,2681,0,57269,7228,151,0
140,G18-EN-3.posterize.JPG,G18-EN-3,22246,12036,0.541041086,8753,16565,3165,0,60182,5681,118,0
141,G18-EN-4.posterize.JPG,G18-EN-4,21314,14300,0.670920522,8685,15297,5482,0,63870,6017,133,0
142,G18-EN-5.posterize.JPG,G18-EN-5,21578,17558,0.813699138,14493,14979,2864,0,59396,6599,201,0
143,G18-EN-6.posterize.JPG,G18-EN-6,21023,22345,1.062883509,20684,15212,1542,0,61544,5811,119,0
144,G18-EN-7.posterize.JPG,G18-EN-7,31587,17032,0.539209168,13768,22082,3123,0,81549,9505,141,0
145,G18-EN-8.posterize.JPG,G18-EN-8,6899,6689,0.969560806,5489,6369,945,0,35938,530,255,4
146,G18-FO-1.posterize.JPG,G18-FO-1,43283,10172,0.235011436,6330,37936,3718,0,89040,5347,124,11
147,G18-FO-10.posterize.JPG,G18-FO-10,24154,11933,0.494038255,7630,21800,4092,0,69872,2354,211,9
148,G18-FO-11.posterize.JPG,G18-FO-11,52767,25623,0.485587583,11079,48898,14246,0,97029,3869,298,9
149,G18-FO-2.posterize.JPG,G18-FO-2,24652,9825,0.398547785,7767,23675,1809,0,45715,977,249,14
150,G18-FO-3.posterize.JPG,G18-FO-3,36373,10293,0.282984631,7012,30307,3131,0,67093,6066,150,1
151,G18-FO-4.posterize.JPG,G18-FO-4,23727,12387,0.522063472,10795,21161,1417,0,51967,2566,175,7
152,G18-FO-5.posterize.JPG,G18-FO-5,37870,5822,0.153736467,2382,32713,3285,0,76697,5157,155,11
153,G18-FO-6.posterize.JPG,G18-FO-6,58358,19349,0.331556942,6202,45775,12840,0,111079,12583,307,4
154,G18-FO-7.posterize.JPG,G18-FO-7,44267,18379,0.415185127,12870,37700,5107,0,63824,6567,402,14
155,G18-FO-8.posterize.JPG,G18-FO-8,74264,13337,0.179589034,5747,71828,7310,0,87503,2436,280,8
156,G18-FO-9.posterize.JPG,G18-FO-9,39695,17106,0.430935886,5714,37899,11078,0,79600,1796,314,15
157,G18-FP-1.posterize.JPG,G18-FP-1,41656,13022,0.312608028,6628,40578,5683,0,73650,1078,711,156
158,G18-FP-10.posterize.JPG,G18-FP-10,34824,10845,0.311423156,8941,32892,1701,0,64718,1932,203,102
159,G18-FP-11.posterize.JPG,G18-FP-11,25335,9717,0.383540557,7756,23704,1838,0,49609,1631,123,83
160,G18-FP-12.posterize.JPG,G18-FP-12,37636,7991,0.212323307,5285,36836,2342,0,60312,800,364,45
161,G18-FP-13.posterize.JPG,G18-FP-13,49962,11332,0.226812377,5919,47855,5085,0,80214,2107,328,68
162,G18-FP-14.posterize.JPG,G18-FP-14,19917,10508,0.527589496,7071,16981,3259,0,37537,2936,178,50
163,G18-FP-15.posterize.JPG,G18-FP-15,36589,6657,0.181939927,4621,33376,1962,0,68061,3213,74,53
164,G18-FP-16.posterize.JPG,G18-FP-16,17115,8023,0.468770085,7348,16661,591,0,58582,454,84,84
165,G18-FP-17.posterize.JPG,G18-FP-17,30689,10180,0.331714947,6669,30205,3304,0,80722,484,207,110
166,G18-FP-18.posterize.JPG,G18-FP-18,33143,16755,0.505536614,14780,31828,1743,0,70909,1315,232,83
167,G18-FP-19.posterize.JPG,G18-FP-19,38857,12594,0.324111486,10341,37661,2167,0,67205,1196,86,74
168,G18-FP-2.posterize.JPG,G18-FP-2,28956,14553,0.502590137,12944,27722,1532,0,66422,1234,77,124
169,G18-FP-20.posterize.JPG,G18-FP-20,38527,7215,0.187271264,5056,35869,2009,0,86264,2658,150,60
170,G18-FP-3.posterize.JPG,G18-FP-3,37841,18807,0.497000608,16846,37241,1374,0,77126,600,587,133
171,G18-FP-4.posterize.JPG,G18-FP-4,7359,3093,0.420301671,1897,7018,1116,0,27345,341,80,59
172,G18-FP-5.posterize.JPG,G18-FP-5,14874,9678,0.650665591,8511,13054,1077,0,37124,1820,90,40
173,G18-FP-6.posterize.JPG,G18-FP-6,29674,16802,0.566219586,11767,25919,4857,0,60097,3755,178,77
174,G18-FP-7.posterize.JPG,G18-FP-7,23995,9507,0.396207543,8360,22909,1064,0,46939,1086,83,77
175,G18-FP-8.posterize.JPG,G18-FP-8,38600,14047,0.363911917,10611,36457,3298,0,52546,2143,138,77
176,G18-FP-9.posterize.JPG,G18-FP-9,36987,23843,0.644631898,21373,35557,2376,0,73787,1430,94,119
177,G18-GS-1.posterize.JPG,G18-GS-1,23951,13678,0.571082627,11776,22538,1744,0,75496,1413,158,17
178,G18-GS-10.posterize.JPG,G18-GS-10,27559,6776,0.245872492,5393,25944,1296,0,47586,1615,87,7
179,G18-GS-11.posterize.JPG,G18-GS-11,4398,1051,0.23897226,609,4318,337,0,27344,80,105,17
180,G18-GS-12.posterize.JPG,G18-GS-12,24903,14213,0.57073445,11549,23694,2318,0,61634,1209,346,14
181,G18-GS-13.posterize.JPG,G18-GS-13,5753,3456,0.600730054,2982,5536,413,0,25807,217,61,10
182,G18-GS-14.posterize.JPG,G18-GS-14,13237,5844,0.441489764,4584,12132,1157,0,35825,1105,103,12
183,G18-GS-15.posterize.JPG,G18-GS-15,18495,6485,0.350635307,5433,17725,918,0,40852,770,134,21
184,G18-GS-16.posterize.JPG,G18-GS-16,21621,8343,0.385874844,7410,20998,834,0,38182,623,99,29
185,G18-GS-17.posterize.JPG,G18-GS-17,5666,525,0.09265796,234,5549,234,0,15741,117,57,39
186,G18-GS-18.posterize.JPG,G18-GS-18,8871,3461,0.390147672,2902,8679,453,0,23316,192,106,32
187,G18-GS-19.posterize.JPG,G18-GS-19,12736,6106,0.479428392,5434,12091,602,0,40418,645,70,42
188,G18-GS-2.posterize.JPG,G18-GS-2,11366,6434,0.566074257,5206,10716,1185,0,47176,650,43,24
189,G18-GS-20.posterize.JPG,G18-GS-20,32416,13413,0.413777147,11902,31463,1372,0,69709,953,139,26
190,G18-GS-21.posterize.JPG,G18-GS-21,30337,13278,0.437683357,11246,29595,1894,0,57182,742,138,123
191,G18-GS-22.posterize.JPG,G18-GS-22,17113,9172,0.535966809,7551,16059,1535,0,37274,1054,86,21
192,G18-GS-23.posterize.JPG,G18-GS-23,8263,2877,0.348178628,2223,7991,564,0,20506,272,90,34
193,G18-GS-24.posterize.JPG,G18-GS-24,21782,6280,0.28831145,4664,20844,1523,0,45026,938,93,72
194,G18-GS-25.posterize.JPG,G18-GS-25,14247,7199,0.505299361,6547,14052,550,0,32555,195,102,42
195,G18-GS-26.posterize.JPG,G18-GS-26,16482,9924,0.602111394,8424,15625,1395,0,67589,857,105,29
196,G18-GS-27.posterize.JPG,G18-GS-27,25284,9255,0.366041766,7193,24065,1906,0,42684,1219,156,42
197,G18-GS-28.posterize.JPG,G18-GS-28,20707,7748,0.374172985,5957,20164,1662,0,39888,543,129,44
198,G18-GS-3.posterize.JPG,G18-GS-3,22510,6439,0.286050644,4803,21374,1497,0,58537,1136,139,6
199,G18-GS-4.posterize.JPG,G18-GS-4,23458,9453,0.402975531,7933,22234,1434,0,46732,1224,86,7
200,G18-GS-5.posterize.JPG,G18-GS-5,23237,14051,0.604682188,12701,21483,1247,0,56544,1754,103,22
201,G18-GS-6.posterize.JPG,G18-GS-6,6934,1575,0.227141621,973,6841,484,0,28297,93,118,22
202,G18-GS-7.posterize.JPG,G18-GS-7,12711,5251,0.413106758,4092,11505,1093,0,36806,1206,66,105
203,G18-GS-8.posterize.JPG,G18-GS-8,28606,9015,0.315143676,6365,27568,2501,0,41991,1038,149,68
204,G18-GS-9.posterize.JPG,G18-GS-9,13755,5839,0.424500182,5286,13271,505,0,31375,484,48,28
205,G18-GH-1.posterize.JPG,G18-GH-1,37237,14937,0.401133281,13427,35422,1396,0,71668,1815,114,30
206,G18-GH-10.posterize.JPG,G18-GH-10,43389,25998,0.599184125,20068,40348,5530,0,77911,3041,400,110
207,G18-GH-2.posterize.JPG,G18-GH-2,67184,11526,0.171558704,3463,65158,7623,0,62959,2026,440,30
208,G18-GH-3.posterize.JPG,G18-GH-3,27896,15482,0.554989963,13213,22293,2114,0,54248,5603,155,17
209,G18-GH-4.posterize.JPG,G18-GH-4,20144,10003,0.496574662,8459,19154,1398,0,42192,990,146,13
210,G18-GH-5.posterize.JPG,G18-GH-5,29893,9065,0.303248252,6361,26658,2529,0,45540,3235,175,4
211,G18-GH-6.posterize.JPG,G18-GH-6,30335,12903,0.425350255,10407,28294,2326,0,66945,2041,170,31
212,G18-GH-7.posterize.JPG,G18-GH-7,70038,8687,0.124032668,3147,63048,5209,0,81915,6990,331,5
213,G18-GH-8.posterize.JPG,G18-GH-8,22600,9024,0.399292035,4677,21474,3762,0,54205,1126,585,4
214,G18-GH-9.posterize.JPG,G18-GH-9,25645,12027,0.468980308,10336,22495,1552,0,43040,3150,139,18
215,G18-HB-1.posterize.JPG,G18-HB-1,7554,2301,0.304606831,601,7380,1520,0,22231,174,180,74
216,G18-HB-10.posterize.JPG,G18-HB-10,34268,16305,0.475808334,13159,33074,2910,0,66170,1194,236,25
217,G18-HB-11.posterize.JPG,G18-HB-11,36213,12032,0.332256372,9283,35297,2594,0,47799,916,155,74
218,G18-HB-12.posterize.JPG,G18-HB-12,35336,12827,0.363000906,5641,32957,6879,0,56387,2379,307,45
219,G18-HB-13.posterize.JPG,G18-HB-13,27051,16890,0.624376178,13596,24289,3069,0,41798,2762,225,11
220,G18-HB-14.posterize.JPG,G18-HB-14,38250,17899,0.467947712,12345,34544,5378,0,48243,3706,176,37
221,G18-HB-15.posterize.JPG,G18-HB-15,40497,21071,0.520310146,11509,33774,9292,0,52498,6723,270,6
222,G18-HB-16.posterize.JPG,G18-HB-16,31373,9472,0.30191566,4800,26419,4491,0,36874,4954,181,9
223,G18-HB-17.posterize.JPG,G18-HB-17,18118,10802,0.596202671,8738,16559,1842,0,35939,1559,222,15
224,G18-HB-18.posterize.JPG,G18-HB-18,21964,7465,0.33987434,5235,20826,2080,0,39683,1138,150,32
225,G18-HB-19.posterize.JPG,G18-HB-19,37860,13631,0.360036978,6646,32230,6682,0,48218,5630,303,6
226,G18-HB-2.posterize.JPG,G18-HB-2,27669,17859,0.645451588,14043,25510,3634,0,55424,2159,182,28
227,G18-HB-20.posterize.JPG,G18-HB-20,38507,5619,0.145921521,3493,36987,2006,0,36050,1520,120,86
228,G18-HB-21.posterize.JPG,G18-HB-21,24988,11949,0.478189531,8685,21272,3090,0,37845,3716,174,2
229,G18-HB-22.posterize.JPG,G18-HB-22,41706,26433,0.633793699,13475,38359,12684,0,70181,3347,274,16
230,G18-HB-23.posterize.JPG,G18-HB-23,22553,10732,0.47585687,4155,18871,6402,0,34156,3682,175,41
231,G18-HB-24.posterize.JPG,G18-HB-24,26139,10082,0.385707181,6545,25281,3392,0,38351,858,145,52
232,G18-HB-25.posterize.JPG,G18-HB-25,41173,23850,0.579263109,19011,40604,4385,0,71639,569,454,117
233,G18-HB-3.posterize.JPG,G18-HB-3,37205,17766,0.477516463,13460,35938,4071,0,54450,1267,235,62
234,G18-HB-4.posterize.JPG,G18-HB-4,35009,15317,0.437516067,9695,32895,5392,0,48049,2114,230,29
235,G18-HB-5.posterize.JPG,G18-HB-5,39231,11933,0.304172721,4912,36533,6654,0,61703,2698,367,23
236,G18-HB-6.posterize.JPG,G18-HB-6,7933,3045,0.383839657,1754,7337,1186,0,16945,596,105,16
237,G18-HB-7.posterize.JPG,G18-HB-7,33798,10168,0.300846204,6025,32791,3928,0,47016,1007,215,18
238,G18-HB-8.posterize.JPG,G18-HB-8,39617,18283,0.461493803,8429,36332,9634,0,76807,3285,220,7
239,G18-HB-9.posterize.JPG,G18-HB-9,32807,12842,0.391440851,10035,29347,2618,0,48576,3460,189,9
240,E18-Ikla-1.posterize.JPG,E18-Ikla-1-Photo,34676,17456,0.50340293,15797,31723,1449,1,55713,2953,209,35
241,E18-Ikla-10.posterize.JPG,E18-Ikla-10-Photo,37544,31946,0.85089495,30300,31666,1509,0,77024,5878,137,94
242,E18-Ikla-11.posterize.JPG,E18-Ikla-11-Photo,64204,26254,0.408915332,22146,59443,3816,0,89931,4761,292,109
243,E18-Ikla-12.posterize.JPG,E18-Ikla-12-Photo,62000,28905,0.466209677,25779,56125,2905,0,84223,5875,221,84
244,E18-Ikla-13.posterize.JPG,E18-Ikla-13-Photo,26495,18028,0.68043027,16442,24557,1391,0,46755,1938,195,86
245,E18-Ikla-14.2.posterize.JPG,E18-Ikla-14-Photo,26428,16388,0.620099894,13100,18529,3199,0,55677,7899,89,22
246,E18-Ikla-14.posterize.JPG,E18-Ikla-14-Photo,69306,35950,0.518714108,27603,56807,8199,0,83976,12499,148,112
247,E18-Ikla-15.posterize.JPG,E18-Ikla-15-Photo,32201,9620,0.298748486,8070,28280,1476,0,51540,3921,74,73
248,E18-Ikla-16.posterize.JPG,E18-Ikla-16-Photo,37225,19790,0.531631968,17842,29102,1818,7,57262,8123,123,59
249,E18-Ikla-17.posterize.JPG,E18-Ikla-17-Photo,40693,25638,0.63003465,23224,35313,2357,0,54099,5380,57,68
250,E18-Ikla-18.2.posterize.JPG,E18-Ikla-18-Photo,27853,17030,0.611424263,14138,21748,2784,0,53126,6105,108,1
251,E18-Ikla-18.posterize.JPG,E18-Ikla-18-Photo,81443,29544,0.362756775,21930,75114,7314,0,105518,6329,300,63
252,E18-Ikla-19.posterize.JPG,E18-Ikla-19-Photo,17478,14556,0.8328184,13477,16107,978,10,2197,1371,91,44958
253,E18-Ikla-2.posterize.JPG,E18-Ikla-2-Photo,44045,28322,0.64302418,26273,33873,1908,0,70132,10172,141,25
254,E18-Ikla-20.posterize.JPG,E18-Ikla-20-Photo,44813,26608,0.593756276,23734,38124,2774,0,61962,6689,100,101
255,E18-Ikla-3.posterize.JPG,E18-Ikla-3-Photo,69028,33879,0.490800834,30591,59867,3063,0,87262,9161,225,89
256,E18-Ikla-4.posterize.JPG,E18-Ikla-4-Photo,78360,22995,0.293453292,19294,72944,3336,0,83270,5416,365,131
257,E18-Ikla-5.posterize.JPG,E18-Ikla-5-Photo,65973,31946,0.484228396,28510,56331,3345,2,104578,9642,89,167
258,E18-Ikla-6.posterize.JPG,E18-Ikla-6-Photo,98449,32127,0.3263314,20169,90482,11338,0,109756,7967,620,288
259,E18-Ikla-7.posterize.JPG,E18-Ikla-7-Photo,32653,27389,0.838789698,24131,21170,3098,0,65822,11483,160,50
260,E18-Ikla-8.posterize.JPG,E18-Ikla-8-Photo,82272,11172,0.135793466,6314,72837,4687,0,85137,9435,171,39
261,E18-Ikla-9.posterize.JPG,E18-Ikla-9-Photo,39477,16178,0.409808243,13584,33525,2381,0,53998,5952,213,45
262,G18-KB-1.posterize.JPG,G18-KB-1,42193,13926,0.330054748,11423,38094,2215,0,76321,4099,288,1
263,G18-KB-10.posterize.JPG,G18-KB-10,40522,13302,0.328266127,10632,35934,2407,0,47365,4588,263,3
264,G18-KB-11.posterize.JPG,G18-KB-11,52347,8508,0.162530804,3194,46628,5074,0,55650,5719,240,3
265,G18-KB-12.posterize.JPG,G18-KB-12,47415,20096,0.423832121,14353,38558,5510,0,57514,8857,233,3
266,G18-KB-13.posterize.JPG,G18-KB-13,49613,14141,0.285026102,4417,47024,9561,0,71280,2589,163,102
267,G18-KB-14.posterize.JPG,G18-KB-14,62605,19621,0.313409472,10576,60335,8696,0,82931,2270,349,8
268,G18-KB-15.posterize.JPG,G18-KB-15,63232,24080,0.380819838,17939,59395,5861,0,80754,3837,280,6
269,G18-KB-16.posterize.JPG,G18-KB-16,40304,9332,0.231540294,5097,32918,3974,0,49774,7386,261,4
270,G18-KB-17.posterize.JPG,G18-KB-17,53054,14383,0.271101142,9663,51352,4529,0,54797,1702,191,13
271,G18-KB-18.posterize.JPG,G18-KB-18,42876,11281,0.263107566,7245,38731,3731,0,53318,4145,305,1
272,G18-KB-19.posterize.JPG,G18-KB-19,78737,22423,0.28478352,7067,70762,14974,0,93860,7975,382,0
273,G18-KB-2.posterize.JPG,G18-KB-2,69541,19856,0.2855294,12923,65158,6660,0,83761,4383,273,4
274,G18-KB-20.posterize.JPG,G18-KB-20,61255,18901,0.308562566,12801,58906,5860,0,66287,2349,240,5
275,G18-KB-21.posterize.JPG,G18-KB-21,26748,13277,0.496373561,8910,24852,4081,0,45294,1896,286,5
276,G18-KB-22.posterize.JPG,G18-KB-22,52681,15326,0.290920825,9649,44420,5356,0,65237,8261,321,1
277,G18-KB-3.posterize.JPG,G18-KB-3,32565,4249,0.130477507,1105,26848,3004,0,34836,5717,140,6
278,G18-KB-4.posterize.JPG,G18-KB-4,54383,25095,0.46144935,18989,53097,5561,0,54180,1286,545,10
279,G18-KB-5.posterize.JPG,G18-KB-5,57667,14036,0.243397437,10421,54189,3364,0,86986,3478,251,3
280,G18-KB-6.posterize.JPG,G18-KB-6,66070,29655,0.448842137,25243,59907,4062,0,76173,6163,350,3
281,G18-KB-7.posterize.JPG,G18-KB-7,43930,23691,0.539289779,19883,34151,3562,0,69243,9779,246,0
282,G18-KB-8.posterize.JPG,G18-KB-8,32145,19643,0.611074817,13601,28177,5786,0,55067,3968,256,0
283,G18-KB-9.posterize.JPG,G18-KB-9,38926,11989,0.307994657,6802,34557,4906,0,47219,4369,281,0
284,G18-LB-1.posterize.JPG,G18-LB-1,24092,6143,0.254980907,4713,20888,1352,0,35982,3204,78,80
285,G18-LB-10.posterize.JPG,G18-LB-10,50905,26179,0.514271683,23074,41917,2977,0,80388,8988,128,48
286,G18-LB-11.posterize.JPG,G18-LB-11,54265,25086,0.462286925,22978,49834,2029,0,65877,4431,79,76
287,G18-LB-12.posterize.JPG,G18-LB-12,48177,5656,0.117400419,2497,41126,3008,0,56640,7051,151,214
288,G18-LB-13.posterize.JPG,G18-LB-13,33946,8941,0.263388912,7588,32680,1238,0,48573,1266,115,388
289,G18-LB-14.posterize.JPG,G18-LB-14,33508,10365,0.309329115,8516,26202,1763,0,49226,7306,86,27
290,G18-LB-15.posterize.JPG,G18-LB-15,35698,10565,0.295954955,7945,30040,2477,0,49674,5658,143,181
291,G18-LB-16.posterize.JPG,G18-LB-16,33006,13283,0.40244198,9721,23768,3343,0,47188,9238,219,71
292,G18-LB-17.posterize.JPG,G18-LB-17,55498,22395,0.403528055,20243,51525,1954,0,1937,3973,198,87246
293,G18-LB-18.posterize.JPG,G18-LB-18,49150,12417,0.252634791,9203,37002,3012,0,66779,12148,202,80
294,G18-LB-19.posterize.JPG,G18-LB-19,32231,10372,0.321801992,8089,31071,2169,0,58017,1160,114,192
295,G18-LB-2.posterize.JPG,G18-LB-2,37040,30282,0.817548596,27677,31686,2477,0,57531,5354,128,59
296,G18-LB-20.posterize.JPG,G18-LB-20,63871,18466,0.289113995,14924,59588,3435,0,81894,4283,107,153
297,G18-LB-3.posterize.JPG,G18-LB-3,36513,11323,0.310108728,7430,24933,3758,0,42646,11580,135,38
298,G18-LB-4.posterize.JPG,G18-LB-4,30675,12682,0.413431133,10166,27145,2393,0,46584,3530,123,101
299,G18-LB-5.posterize.JPG,G18-LB-5,37121,16762,0.451550335,12079,32226,4544,0,49780,4895,139,77
300,G18-LB-6.posterize.JPG,G18-LB-6,31828,10263,0.322451929,4720,29225,5198,0,64830,2603,345,24
301,G18-LB-7.posterize.JPG,G18-LB-7,44451,9241,0.207891836,5915,34613,3158,0,58310,9838,168,12
302,G18-LB-8.posterize.JPG,G18-LB-8,34050,16009,0.470161527,13832,28570,2041,0,72854,5480,136,32
303,G18-LB-9.posterize.JPG,G18-LB-9,45490,16635,0.365684766,14551,42447,1916,0,282,3043,168,60337
304,G18-MW-1.posterize.JPG,G18-MW-1,34918,18915,0.541697692,16230,34224,2467,0,60968,694,218,117
305,G18-MW-2.posterize.JPG,G18-MW-2,31595,8565,0.271087197,5585,28948,2897,0,36860,2647,83,36
306,G18-MW-3.posterize.JPG,G18-MW-3,41667,25118,0.602827177,19356,38321,5574,0,53272,3346,188,42
307,G18-MW-4.posterize.JPG,G18-MW-4,45295,25010,0.552158075,17243,39595,7552,0,62613,5700,215,22
308,G18-MW-5.posterize.JPG,G18-MW-5,41881,29286,0.699266971,22737,36864,5826,0,54574,5017,723,59
309,G18-MW-6.posterize.JPG,G18-MW-6,32786,17208,0.524858171,15859,32482,1069,0,55541,304,280,81
310,G18-MW-7.posterize.JPG,G18-MW-7,32217,15920,0.494149052,14413,30737,1382,0,47078,1480,125,62
311,G18-MW-8.posterize.JPG,G18-MW-8,38453,14118,0.367149507,11593,35012,2426,0,65000,3441,99,77
312,E18-Paernu-1.2.posterize.JPG,E18-Paernu-1-Photo,43495,21062,0.484239568,16746,36069,4196,0,79389,7426,120,198
313,E18-Paernu-1.posterize.JPG,E18-Paernu-1-Photo,43994,20209,0.459358094,14823,33479,5248,0,62134,10515,138,146
314,E18-Paernu-10.posterize.JPG,E18-Paernu-10-Photo,27395,8375,0.305712721,6297,26274,1959,0,49096,1121,119,76
315,E18-Paernu-11.posterize.JPG,E18-Paernu-11-Photo,39069,14312,0.366326243,11780,34981,2375,0,58171,4088,157,40
316,E18-Paernu-12.posterize.JPG,E18-Paernu-12-Photo,28502,9419,0.330468037,7619,23858,1683,0,48806,4644,117,41
317,E18-Paernu-13.posterize.JPG,E18-Paernu-13-Photo,28359,12937,0.456186748,11231,25722,1487,0,56933,2637,219,78
318,E18-Paernu-14.2.posterize.JPG,E18-Paernu-14-Photo,28688,7399,0.257912716,5176,24158,1994,0,46633,4530,229,34
319,E18-Paernu-14.posterize.JPG,E18-Paernu-14-Photo,38027,4424,0.116338391,1223,29401,2631,0,49822,8626,570,72
320,E18-Paernu-15.posterize.JPG,E18-Paernu-15-Photo,42418,14606,0.344334952,11123,37879,3314,0,61289,4539,169,127
321,E18-Paernu-16.posterize.JPG,E18-Paernu-16-Photo,68048,5165,0.075902304,2395,62207,2632,0,63837,5841,138,357
322,E18-Paernu-17.posterize.JPG,E18-Paernu-17-Photo,41253,10078,0.244297384,6343,34284,3581,0,49326,6969,154,72
323,E18-Paernu-18.2.posterize.JPG,E18-Paernu-18-Photo,36578,5335,0.145852698,2472,31697,2757,0,43159,4881,106,64
324,E18-Paernu-18.posterize.JPG,E18-Paernu-18-Photo,44165,1672,0.037858032,188,40745,1302,0,1343,3420,182,49537
325,E18-Paernu-19.posterize.JPG,E18-Paernu-19-Photo,49785,11603,0.233062167,8342,46671,3034,0,65055,3114,227,173
326,E18-Paernu-2.posterize.JPG,E18-Paernu-2-Photo,60789,12670,0.208425867,8409,46265,4129,0,66776,14524,132,52
327,E18-Paernu-20.posterize.JPG,E18-Paernu-20-Photo,46371,15806,0.340859589,10227,41800,5159,0,63770,4571,420,137
328,E18-Paernu-3.posterize.JPG,E18-Paernu-3-Photo,55460,15028,0.270970069,8513,43734,6280,0,54411,11726,235,16
329,E18-Paernu-4.posterize.JPG,E18-Paernu-4-Photo,64329,14285,0.22206159,11179,58273,2948,0,74124,6056,158,97
330,E18-Paernu-5.posterize.JPG,E18-Paernu-5-Photo,30691,18101,0.589782021,15699,21843,2259,0,62344,8848,143,84
331,E18-Paernu-6.posterize.JPG,E18-Paernu-6-Photo,53003,29846,0.563100202,26768,43942,2835,0,81854,9061,243,78
332,E18-Paernu-7.posterize.JPG,E18-Paernu-7-Photo,26243,4939,0.188202568,3607,24131,1197,0,35162,2112,135,110
333,E18-Paernu-8.2.posterize.JPG,E18-Paernu-8-Photo,32270,6496,0.201301518,3634,27041,2704,0,52300,5229,158,17
334,E18-Paernu-8.posterize.JPG,E18-Paernu-8-Photo,35915,4716,0.131310038,1640,27484,2879,0,47720,8431,197,57
335,E18-Paernu-9.posterize.JPG,E18-Paernu-9-Photo,44067,15709,0.356479906,12827,38131,2689,0,59944,5936,193,160
336,SF18-Perry-1.posterize.JPG,SF18-Perry-1-Photo,58034,27952,0.481648689,25710,52138,2118,0,90888,5896,124,186
337,SF18-Perry-10.posterize.JPG,SF18-Perry-10-Photo,27235,8768,0.321938682,6591,22468,2078,0,55921,4767,99,140
338,SF18-Perry-11.posterize.JPG,SF18-Perry-11-Photo,47425,22128,0.466589352,19200,39621,2661,0,87281,7804,267,36
339,SF18-Perry-12.posterize.JPG,SF18-Perry-12-Photo,30825,16483,0.534728305,15396,27173,957,7,55420,3652,123,92
340,SF18-Perry-13.posterize.JPG,SF18-Perry-13-Photo,26855,8580,0.319493577,6659,24651,1601,0,50314,2204,320,51
341,SF18-Perry-15.posterize.JPG,SF18-Perry-15-Photo,65665,38665,0.588822051,35360,55081,3162,4,87460,10584,139,110
342,SF18-Perry-16.posterize.JPG,SF18-Perry-16-Photo,15687,5934,0.378275005,4768,14602,973,0,39165,1085,193,58
343,SF18-Perry-17.posterize.JPG,SF18-Perry-17-Photo,34048,18200,0.534539474,15748,28418,2196,0,58293,5630,256,31
344,SF18-Perry-18.posterize.JPG,SF18-Perry-18-Photo,46003,21735,0.472469187,17991,31684,3313,2,85376,14319,429,26
345,SF18-Perry-19.posterize.JPG,SF18-Perry-19-Photo,48618,30398,0.62524168,27296,37699,2894,2,78724,10919,206,20
346,SF18-Perry-2.posterize.JPG,SF18-Perry-2-Photo,51126,25101,0.490963502,22880,43536,2154,0,63784,7590,67,250
347,SF18-Perry-20.posterize.JPG,SF18-Perry-20-Photo,28431,18577,0.653406493,16727,19177,1734,0,60825,9254,116,36
348,SF18-Perry-3.posterize.JPG,SF18-Perry-3-Photo,24666,6739,0.273210087,5619,23677,956,0,31022,989,164,41
349,SF18-Perry-4.posterize.JPG,SF18-Perry-4-Photo,33145,10131,0.305656962,7327,25942,2487,0,45861,7203,317,33
350,SF18-Perry-5.posterize.JPG,SF18-Perry-5-Photo,37588,22653,0.602665744,20914,26703,1492,0,64888,10885,247,31
351,SF18-Perry-6.posterize.JPG,SF18-Perry-6-Photo,48464,20661,0.426316441,17587,39644,2805,0,76115,8820,269,120
352,SF18-Perry-7.posterize.JPG,SF18-Perry-7-Photo,25612,10785,0.421091676,8997,23113,1490,0,53929,2499,298,76
353,SF18-Perry-8.posterize.JPG,SF18-Perry-8-Photo,30597,4211,0.137627872,2181,27515,1788,0,44933,3082,242,30
354,SF18-Perry-9.posterize.JPG,SF18-Perry-9-Photo,43216,25751,0.595867271,22901,34462,2604,0,72089,8754,246,138
355,G18-PB-1.posterize.JPG,G18-PB-1,41593,13587,0.326665545,9877,36048,3575,0,66903,5545,135,57
356,G18-PB-2.posterize.JPG,G18-PB-2,44847,25678,0.572568957,23737,41488,1500,0,62137,3359,441,138
357,G18-PB-3.posterize.JPG,G18-PB-3,29684,12091,0.407323811,10029,24726,1891,0,51559,4958,171,13
358,G18-PB-4.posterize.JPG,G18-PB-4,47056,21452,0.455882353,12584,44179,8222,0,87404,2877,646,28
359,E18-Pulgoja-1.posterize.JPG,E18-Pulgoja-1,47644,22120,0.464276719,19254,42737,2500,0,68916,4907,366,10
360,E18-Pulgoja-10.posterize.JPG,E18-Pulgoja-10,26493,11829,0.446495301,9988,20434,1736,0,50755,6059,105,0
361,E18-Pulgoja-11.posterize.JPG,E18-Pulgoja-11,33232,15047,0.452786471,10245,28852,4612,0,51510,4380,190,36
362,E18-Pulgoja-12.posterize.JPG,E18-Pulgoja-12,13859,6293,0.454073165,4530,11862,1576,0,25387,1997,187,10
363,E18-Pulgoja-13.posterize.JPG,E18-Pulgoja-13,25191,12908,0.512405224,10186,24142,2454,0,44345,1049,268,34
364,E18-Pulgoja-14.posterize.JPG,E18-Pulgoja-14,22782,6299,0.276490212,4624,20767,1521,0,40281,2015,154,25
365,E18-Pulgoja-15.posterize.JPG,E18-Pulgoja-15,27120,11385,0.419800885,7927,24454,3241,0,41568,2666,217,7
366,E18-Pulgoja-16.posterize.JPG,E18-Pulgoja-16,21128,10646,0.503881106,8754,19570,1684,0,47570,1558,208,36
367,E18-Pulgoja-17.posterize.JPG,E18-Pulgoja-17,33563,6282,0.187170396,3284,31913,2709,0,43892,1650,289,43
368,E18-Pulgoja-18.posterize.JPG,E18-Pulgoja-18,24953,6760,0.27090931,3954,22653,2460,0,39193,2300,346,6
369,E18-Pulgoja-19.posterize.JPG,E18-Pulgoja-19,43019,17145,0.398544829,12566,38574,4112,0,55867,4445,467,1
370,E18-Pulgoja-2.posterize.JPG,E18-Pulgoja-2,20461,7973,0.389668149,6400,19528,1391,0,29924,933,182,52
371,E18-Pulgoja-20.posterize.JPG,E18-Pulgoja-20,38554,12250,0.317736162,4793,30427,7108,0,54719,8127,349,11
372,E18-Pulgoja-3.posterize.JPG,E18-Pulgoja-3,17750,13351,0.752169014,9716,14732,3487,0,31920,3018,148,3
373,E18-Pulgoja-4.posterize.JPG,E18-Pulgoja-4,34653,23804,0.686924653,21454,33876,1701,0,51792,777,649,55
374,E18-Pulgoja-5.posterize.JPG,E18-Pulgoja-5,23617,7576,0.320785875,5975,21941,1489,0,31673,1676,112,12
375,E18-Pulgoja-6.posterize.JPG,E18-Pulgoja-6,36827,13847,0.376001303,10151,30091,3522,0,54013,6736,174,0
376,E18-Pulgoja-7.posterize.JPG,E18-Pulgoja-7,9340,4511,0.482976445,3195,7924,1217,0,23167,1416,99,0
377,E18-Pulgoja-8.posterize.JPG,E18-Pulgoja-8,23971,12153,0.50698761,10719,20098,1349,0,35774,3873,85,6
378,E18-Pulgoja-9.posterize.JPG,E18-Pulgoja-9,13767,8620,0.62613496,7555,12854,997,0,30710,913,68,1
379,G18-RS-1.posterize.JPG,G18-RS-1,39475,15881,0.402305256,11112,36517,4648,0,46266,2958,121,42
380,G18-RS-10.posterize.JPG,G18-RS-10,30817,12213,0.396307233,9935,30089,1944,0,48084,728,334,142
381,G18-RS-11.posterize.JPG,G18-RS-11,19497,6507,0.333743653,3012,18325,3281,0,34250,1172,214,37
382,G18-RS-12.posterize.JPG,G18-RS-12,53056,8467,0.159586098,4425,50983,3759,0,71388,2073,283,84
383,G18-RS-13.posterize.JPG,G18-RS-13,53246,10731,0.201536266,3516,51508,6864,0,64206,1738,351,133
384,G18-RS-14.posterize.JPG,G18-RS-14,24376,6148,0.252215294,4037,23347,1974,0,39435,1029,137,98
385,G18-RS-15.posterize.JPG,G18-RS-15,47133,9018,0.191330915,3147,45568,5530,0,64800,1565,341,335
386,G18-RS-16.posterize.JPG,G18-RS-16,22587,12995,0.575330943,10309,22377,2341,0,48433,210,345,153
387,G18-RS-17.posterize.JPG,G18-RS-17,53448,22686,0.424449933,15578,52209,6799,0,62258,1239,309,68
388,G18-RS-18.posterize.JPG,G18-RS-18,47592,22779,0.478630862,18926,45975,3586,0,70522,1617,267,172
389,G18-RS-19.posterize.JPG,G18-RS-19,36038,12486,0.346467618,9014,35186,3274,0,61042,852,198,189
390,G18-RS-2.posterize.JPG,G18-RS-2,28078,18070,0.643564356,15075,26898,2788,0,77897,1180,207,55
391,G18-RS-20.posterize.JPG,G18-RS-20,25320,7898,0.31192733,5491,24068,2250,0,44324,1252,157,103
392,G18-RS-21.posterize.JPG,G18-RS-21,59546,18933,0.317955866,10964,56797,7809,0,71361,2749,160,148
393,G18-RS-22.posterize.JPG,G18-RS-22,44192,10051,0.227439356,5490,41340,4479,0,53949,2852,82,108
394,G18-RS-23.posterize.JPG,G18-RS-23,32642,15374,0.470988297,11700,31005,3527,0,74110,1637,147,85
395,G18-RS-24.posterize.JPG,G18-RS-24,47794,18585,0.388856342,11691,46422,6584,0,67218,1372,310,53
396,G18-RS-25.posterize.JPG,G18-RS-25,28163,6105,0.216773781,4060,27035,1742,0,41268,1128,303,144
397,G18-RS-26.posterize.JPG,G18-RS-26,36958,23344,0.631635911,18839,35677,4161,0,74590,1281,344,148
398,G18-RS-27.posterize.JPG,G18-RS-27,28433,14954,0.52593817,9817,26208,4717,0,2290,2225,420,33443
399,G18-RS-28.posterize.JPG,G18-RS-28,38055,5180,0.136118775,2706,37041,2288,0,55983,1014,186,182
400,G18-RS-29.posterize.JPG,G18-RS-29,43618,16666,0.382089963,12906,42519,3498,0,55162,1099,262,330
401,G18-RS-3.posterize.JPG,G18-RS-3,35327,14928,0.422566309,8994,35080,5262,0,59773,247,672,186
402,G18-RS-30.posterize.JPG,G18-RS-30,38739,19311,0.498489894,15904,38130,3034,0,53481,609,373,112
403,G18-RS-31.posterize.JPG,G18-RS-31,31121,10217,0.328299219,7119,30028,2924,0,48367,1093,174,99
404,G18-RS-4.posterize.JPG,G18-RS-4,48207,17850,0.370278175,12794,44760,4939,0,75016,3447,117,47
405,G18-RS-5.posterize.JPG,G18-RS-5,64087,29868,0.466053958,21933,59857,7603,0,77040,4230,332,210
406,G18-RS-6.posterize.JPG,G18-RS-6,38421,14363,0.373832019,11260,37278,2880,0,54740,1143,223,80
407,G18-RS-7.posterize.JPG,G18-RS-7,47662,7063,0.148189333,4216,45755,2689,0,58662,1907,158,137
408,G18-RS-8.posterize.JPG,G18-RS-8,37582,13246,0.352455963,11317,36511,1753,0,44879,1071,176,88
409,G18-RS-9.posterize.JPG,G18-RS-9,70422,10501,0.149115333,5884,67094,4243,0,63688,3328,374,53
410,G18-SC-1.posterize.JPG,G18-SC-1,52820,18367,0.347728133,11624,43890,6555,0,65731,8930,188,4
411,G18-SC-10.posterize.JPG,G18-SC-10,47766,24791,0.519009337,18684,35368,5886,0,60157,12398,221,0
412,G18-SC-2.posterize.JPG,G18-SC-2,46084,20561,0.446163527,16370,32673,3952,0,54603,13411,239,0
413,G18-SC-3.posterize.JPG,G18-SC-3,49489,30447,0.615227626,23514,31988,6754,0,75205,17501,179,1
414,G18-SC-4.posterize.JPG,G18-SC-4,32466,20127,0.619940861,17405,27262,2493,0,45612,5204,229,3
415,G18-SC-5.posterize.JPG,G18-SC-5,55896,41847,0.748658222,36715,43585,4769,0,88267,12311,363,0
416,G18-SC-6.posterize.JPG,G18-SC-6,42997,27869,0.6481615,22906,35318,4733,0,93969,7679,230,0
417,G18-SC-7.posterize.JPG,G18-SC-7,36152,14060,0.388913476,11982,30188,1965,0,62869,5964,113,7
418,G18-SC-8.posterize.JPG,G18-SC-8,31224,20282,0.649564438,17709,23000,2430,0,54993,8224,143,1
419,G18-SC-9.posterize.JPG,G18-SC-9,24099,20035,0.831362297,15931,20269,3830,0,32683,3830,274,1
420,G18-SD-1.posterize.JPG,G18-SD-1,39120,11432,0.292229039,7125,36879,4128,0,45163,2241,179,45
421,G18-SD-10.posterize.JPG,G18-SD-10,13221,3859,0.291884124,2976,12790,794,0,23432,431,89,48
422,G18-SD-11.posterize.JPG,G18-SD-11,39585,10028,0.253328281,4360,36743,5542,0,42321,2842,126,30
423,G18-SD-12.posterize.JPG,G18-SD-12,35559,5398,0.151804044,2486,32339,2755,0,47450,3220,157,19
424,G18-SD-13.posterize.JPG,G18-SD-13,25151,6607,0.262693332,4864,24190,1598,0,28186,961,145,32
425,G18-SD-14.posterize.JPG,G18-SD-14,20114,4598,0.228596997,2871,18667,1592,0,33826,1447,135,27
426,G18-SD-15.posterize.JPG,G18-SD-15,27150,1877,0.069134438,664,25896,1109,0,26580,1254,104,31
427,G18-SD-16.posterize.JPG,G18-SD-16,36573,9210,0.251825117,6010,34515,3010,0,38078,2058,190,55
428,G18-SD-17.posterize.JPG,G18-SD-17,23192,8926,0.384874095,6777,21497,2053,0,32159,1695,96,49
429,G18-SD-18.posterize.JPG,G18-SD-18,42291,14357,0.339481213,10405,40884,3646,0,53500,1407,306,44
430,G18-SD-19.posterize.JPG,G18-SD-19,27342,7547,0.276022237,4828,24512,2571,0,39326,2830,148,41
431,G18-SD-2.posterize.JPG,G18-SD-2,32557,7333,0.22523574,4529,30610,2646,0,34278,1947,158,28
432,G18-SD-20.posterize.JPG,G18-SD-20,20629,8530,0.413495564,6375,20089,2047,0,39645,540,108,34
433,G18-SD-3.posterize.JPG,G18-SD-3,20633,3957,0.191780158,2837,20246,1034,0,35670,387,86,66
434,G18-SD-4.posterize.JPG,G18-SD-4,29965,5022,0.167595528,3057,26973,1768,0,47313,2992,197,28
435,G18-SD-5.posterize.JPG,G18-SD-5,35115,5596,0.159362096,3046,32901,2419,0,40120,2214,131,33
436,G18-SD-6.posterize.JPG,G18-SD-6,31074,9515,0.306204544,5603,26048,3736,0,49016,5026,176,39
437,G18-SD-7.posterize.JPG,G18-SD-7,47307,7765,0.164140613,2278,43178,5286,0,50594,4129,201,24
438,G18-SD-8.posterize.JPG,G18-SD-8,17725,3771,0.212750353,1699,15875,1952,0,25161,1850,120,32
439,G18-SD-9.posterize.JPG,G18-SD-9,41336,11386,0.275449971,9225,40351,2035,0,60418,985,126,80
440,G18-SB-1.posterize.JPG,G18-SB-1,77383,37492,0.484499179,28896,57866,8289,0,113206,19517,307,11
441,G18-SB-10.posterize.JPG,G18-SB-10,23137,17796,0.769157626,15526,20202,1914,0,38583,2935,356,109
442,G18-SB-11.posterize.JPG,G18-SB-11,29612,16840,0.56868837,15204,24824,1507,0,45822,4788,129,61
443,G18-SB-12.posterize.JPG,G18-SB-12,22568,11092,0.491492379,9641,21658,1267,0,49048,910,184,144
444,G18-SB-13.posterize.JPG,G18-SB-13,48729,17159,0.352131174,13674,43942,3351,0,73236,4787,134,36
445,G18-SB-14.posterize.JPG,G18-SB-14,41762,22427,0.5370193,20292,36475,2057,0,57989,5287,78,98
446,G18-SB-15.posterize.JPG,G18-SB-15,37859,23913,0.631633165,20262,32250,3427,0,66387,5609,224,76
447,G18-SB-16.posterize.JPG,G18-SB-16,32047,14038,0.438044123,11523,27778,2393,0,54743,4269,122,97
448,G18-SB-17.posterize.JPG,G18-SB-17,32597,13918,0.426971807,12177,30728,1621,0,43552,1869,120,254
449,G18-SB-18.posterize.JPG,G18-SB-18,25205,13829,0.54866098,12232,23900,1489,0,42719,1305,108,77
450,G18-SB-19.posterize.JPG,G18-SB-19,29503,21602,0.732196726,17682,26521,3657,0,63236,2982,263,39
451,G18-SB-2.posterize.JPG,G18-SB-2,27069,25148,0.929033211,23308,21301,1670,0,61409,5768,170,134
452,G18-SB-20.posterize.JPG,G18-SB-20,56464,31784,0.562907339,27811,55070,3526,0,93042,1394,447,170
453,G18-SB-3.posterize.JPG,G18-SB-3,35184,21313,0.605758299,15161,32778,5838,0,55002,2406,314,45
454,G18-SB-4.posterize.JPG,G18-SB-4,21169,18645,0.880769049,17376,16473,1155,0,48063,4696,114,71
455,G18-SB-5.posterize.JPG,G18-SB-5,47997,23556,0.490780674,20545,39412,2852,0,71566,8585,159,131
456,G18-SB-6.posterize.JPG,G18-SB-6,19838,15568,0.784756528,13808,18186,1587,0,36602,1652,173,86
457,G18-SB-7.posterize.JPG,G18-SB-7,40718,14566,0.357728769,13114,39319,1314,0,69770,1399,138,154
458,G18-SB-8.posterize.JPG,G18-SB-8,33997,24824,0.730182075,22378,30053,2322,0,66148,3944,124,79
459,G18-SB-9.posterize.JPG,G18-SB-9,27983,16928,0.604938713,15345,23321,1474,0,44816,4662,109,57
460,G18-TL-1.posterize.JPG,G18-TL-1,28370,12185,0.429502996,9974,27668,1988,0,46284,702,223,27
461,G18-TL-2.posterize.JPG,G18-TL-2,37453,15721,0.419752757,12967,35987,2528,0,58398,1466,226,61
462,G18-TL-3.posterize.JPG,G18-TL-3,29579,12319,0.416477907,10047,28429,2156,0,61283,1150,116,175
463,G18-TL-4.posterize.JPG,G18-TL-4,37466,11285,0.301206427,9200,36092,1947,0,55264,1374,138,37
464,G18-TL-5.posterize.JPG,G18-TL-5,28891,9303,0.322003392,6412,26193,2777,0,42731,2698,114,39
465,G18-UK-1.posterize.JPG,G18-UK-1,34062,10183,0.298954847,8232,29697,1766,0,50196,4365,185,23
466,G18-UK-10.posterize.JPG,G18-UK-10,19322,4950,0.25618466,3280,16847,1535,0,32872,2475,135,6
467,G18-UK-11.posterizen.JPG,G18-UK-11,27105,11114,0.410035049,8428,25006,2415,0,49946,2099,271,14
468,G18-UK-12.posterize.JPG,G18-UK-12,34919,17666,0.505913686,15295,26623,2145,0,62013,8296,226,2
469,G18-UK-13.posterize.JPG,G18-UK-13,31571,9024,0.285831934,6501,30213,2411,0,46661,1358,112,34
470,G18-UK-14.posterize.JPG,G18-UK-14,26387,7999,0.303141699,6013,23133,1880,0,33989,3254,106,1
471,G18-UK-15.posterize.JPG,G18-UK-15,47193,12998,0.275422202,8887,43590,3767,0,60187,3603,344,6
472,G18-UK-16.posterize.JPG,G18-UK-16,21240,7152,0.336723164,5628,19870,1345,0,37588,1370,179,8
473,G18-UK-17.posterize.JPG,G18-UK-17,30528,4552,0.149109015,2954,29345,1448,0,45380,1183,150,44
474,G18-UK-18.posterize.JPG,G18-UK-18,23752,6530,0.274924217,5371,22874,1077,0,36036,878,82,21
475,G18-UK-19.posterize.JPG,G18-UK-19,26710,10575,0.395919131,8002,24936,2370,0,45292,1774,203,7
476,G18-UK-2.posterize.JPG,G18-UK-2,30254,7658,0.253123554,5071,28554,2424,0,37245,1700,163,53
477,G18-UK-20.posterize.JPG,G18-UK-20,37617,21268,0.565382673,16120,28191,4992,0,59404,9426,156,6
478,G18-UK-21.posterize.JPG,G18-UK-21,37996,8900,0.234235183,5297,31307,3416,0,40986,6689,187,2
479,G18-UK-22.posterize.JPG,G18-UK-22,37699,6129,0.162577257,4103,35856,1834,0,54788,1843,192,8
480,G18-UK-23.posterize.JPG,G18-UK-23,24756,8315,0.335878171,6145,24043,2036,0,36453,713,134,28
481,G18-UK-24.posterize.JPG,G18-UK-24,33695,20507,0.608606618,14177,26351,5850,0,53914,7344,480,0
482,G18-UK-25.posterize.JPG,G18-UK-25,41399,10775,0.260271987,7044,39315,3630,0,67645,2084,101,33
483,G18-UK-26.posterize.JPG,G18-UK-26,42441,12176,0.286892392,8386,41458,3434,0,51385,983,356,27
484,G18-UK-27.posterize.JPG,G18-UK-27,22215,12086,0.544046815,9600,20220,2258,0,40461,1995,228,16
485,G18-UK-28.posterize.JPG,G18-UK-28,33168,14624,0.440906898,12087,29734,2418,0,54604,3434,119,18
486,G18-UK-29.posterize.JPG,G18-UK-29,41753,8838,0.211673413,6899,40165,1829,0,51921,1588,110,38
487,G18-UK-3.posterize.JPG,G18-UK-3,31590,3839,0.121525799,1479,28376,2282,0,41804,3214,78,57
488,G18-UK-4.posterize.JPG,G18-UK-4,48063,19004,0.395397707,14287,46222,4445,0,51189,1841,272,50
489,G18-UK-5.posterize.JPG,G18-UK-5,33950,14937,0.439970545,11962,29512,2770,0,47682,4438,205,2
490,G18-UK-6.posterize.JPG,G18-UK-6,40384,19968,0.494453249,15009,38692,4670,0,58079,1692,289,42
491,G18-UK-7.posterize.JPG,G18-UK-7,25698,6627,0.257879991,3834,22257,2646,0,40033,3441,147,2
492,G18-UK-8.posterize.JPG,G18-UK-8,37322,5632,0.150902953,887,34704,4630,0,56175,2618,115,31
493,G18-UK-9.posterize.JPG,G18-UK-9,28230,7345,0.260184201,5102,24613,2122,0,47615,3617,121,10
494,G18-ZS-1.posterize.JPG,G18-ZS-1,60141,15778,0.262350144,1346,48086,14147,0,84818,12055,285,3
495,G18-ZS-2.posterize.JPG,G18-ZS-2,50410,16515,0.327613569,4269,48061,11897,0,73372,2349,349,7
496,G18-ZS-3.posterize.JPG,G18-ZS-3,51800,6889,0.132992278,1479,43751,5186,0,58550,8049,224,25
497,G18-ZS-4.posterize.JPG,G18-ZS-4,54602,39321,0.720138456,27959,37443,11024,0,103064,17159,338,1
498,NA,NA,NA,NA,NA,NA,NA,NA,NA,NA,NA,NA,NA
499,NA,NA,NA,NA,NA,NA,NA,NA,NA,NA,NA,NA,NA
500,NA,NA,NA,NA,NA,NA,NA,NA,NA,NA,NA,NA,NA
501,NA,NA,NA,NA,NA,NA,NA,NA,NA,NA,NA,NA,NA
502,NA,NA,NA,NA,NA,NA,NA,NA,NA,NA,NA,NA,NA
503,NA,NA,NA,NA,NA,NA,NA,NA,NA,NA,NA,NA,NA
504,NA,NA,NA,NA,NA,NA,NA,NA,NA,NA,NA,NA,NA
505,NA,NA,NA,NA,NA,NA,NA,NA,NA,NA,NA,NA,NA
506,NA,NA,NA,NA,NA,NA,NA,NA,NA,NA,NA,NA,NA
507,NA,NA,NA,NA,NA,NA,NA,NA,NA,NA,NA,NA,NA
508,NA,NA,NA,NA,NA,NA,NA,NA,NA,NA,NA,NA,NA
509,NA,NA,NA,NA,NA,NA,NA,NA,NA,NA,NA,NA,NA
510,NA,NA,NA,NA,NA,NA,NA,NA,NA,NA,NA,NA,NA
511,NA,NA,NA,NA,NA,NA,NA,NA,NA,NA,NA,NA,NA
512,NA,NA,NA,NA,NA,NA,NA,NA,NA,NA,NA,NA,NA
513,NA,NA,NA,NA,NA,NA,NA,NA,NA,NA,NA,NA,NA
514,NA,NA,NA,NA,NA,NA,NA,NA,NA,NA,NA,NA,NA
515,NA,NA,NA,NA,NA,NA,NA,NA,NA,NA,NA,NA,NA
516,NA,NA,NA,NA,NA,NA,NA,NA,NA,NA,NA,NA,NA
517,NA,NA,NA,NA,NA,NA,NA,NA,NA,NA,NA,NA,NA
518,NA,NA,NA,NA,NA,NA,NA,NA,NA,NA,NA,NA,NA
519,NA,NA,NA,NA,NA,NA,NA,NA,NA,NA,NA,NA,NA
520,NA,NA,NA,NA,NA,NA,NA,NA,NA,NA,NA,NA,NA
521,NA,NA,NA,NA,NA,NA,NA,NA,NA,NA,NA,NA,NA
522,NA,NA,NA,NA,NA,NA,NA,NA,NA,NA,NA,NA,NA
523,NA,NA,NA,NA,NA,NA,NA,NA,NA,NA,NA,NA,NA
524,NA,NA,NA,NA,NA,NA,NA,NA,NA,NA,NA,NA,NA
525,NA,NA,NA,NA,NA,NA,NA,NA,NA,NA,NA,NA,NA
526,NA,NA,NA,NA,NA,NA,NA,NA,NA,NA,NA,NA,NA
527,NA,NA,NA,NA,NA,NA,NA,NA,NA,NA,NA,NA,NA
528,NA,NA,NA,NA,NA,NA,NA,NA,NA,NA,NA,NA,NA
529,NA,NA,NA,NA,NA,NA,NA,NA,NA,NA,NA,NA,NA
530,NA,NA,NA,NA,NA,NA,NA,NA,NA,NA,NA,NA,NA
531,NA,NA,NA,NA,NA,NA,NA,NA,NA,NA,NA,NA,NA
532,NA,NA,NA,NA,NA,NA,NA,NA,NA,NA,NA,NA,NA
533,NA,NA,NA,NA,NA,NA,NA,NA,NA,NA,NA,NA,NA
534,NA,NA,NA,NA,NA,NA,NA,NA,NA,NA,NA,NA,NA
535,NA,NA,NA,NA,NA,NA,NA,NA,NA,NA,NA,NA,NA
536,NA,NA,NA,NA,NA,NA,NA,NA,NA,NA,NA,NA,NA
537,NA,NA,NA,NA,NA,NA,NA,NA,NA,NA,NA,NA,NA
538,NA,NA,NA,NA,NA,NA,NA,NA,NA,NA,NA,NA,NA
539,NA,NA,NA,NA,NA,NA,NA,NA,NA,NA,NA,NA,NA
540,NA,NA,NA,NA,NA,NA,NA,NA,NA,NA,NA,NA,NA
541,NA,NA,NA,NA,NA,NA,NA,NA,NA,NA,NA,NA,NA
542,NA,NA,NA,NA,NA,NA,NA,NA,NA,NA,NA,NA,NA
543,NA,NA,NA,NA,NA,NA,NA,NA,NA,NA,NA,NA,NA
544,NA,NA,NA,NA,NA,NA,NA,NA,NA,NA,NA,NA,NA
545,NA,NA,NA,NA,NA,NA,NA,NA,NA,NA,NA,NA,NA
546,NA,NA,NA,NA,NA,NA,NA,NA,NA,NA,NA,NA,NA
547,NA,NA,NA,NA,NA,NA,NA,NA,NA,NA,NA,NA,NA
548,NA,NA,NA,NA,NA,NA,NA,NA,NA,NA,NA,NA,NA
549,NA,NA,NA,NA,NA,NA,NA,NA,NA,NA,NA,NA,NA
550,NA,NA,NA,NA,NA,NA,NA,NA,NA,NA,NA,NA,NA
551,NA,NA,NA,NA,NA,NA,NA,NA,NA,NA,NA,NA,NA
552,NA,NA,NA,NA,NA,NA,NA,NA,NA,NA,NA,NA,NA
553,NA,NA,NA,NA,NA,NA,NA,NA,NA,NA,NA,NA,NA
554,NA,NA,NA,NA,NA,NA,NA,NA,NA,NA,NA,NA,NA
555,NA,NA,NA,NA,NA,NA,NA,NA,NA,NA,NA,NA,NA
556,NA,NA,NA,NA,NA,NA,NA,NA,NA,NA,NA,NA,NA
557,NA,NA,NA,NA,NA,NA,NA,NA,NA,NA,NA,NA,NA
558,NA,NA,NA,NA,NA,NA,NA,NA,NA,NA,NA,NA,NA
559,NA,NA,NA,NA,NA,NA,NA,NA,NA,NA,NA,NA,NA
560,NA,NA,NA,NA,NA,NA,NA,NA,NA,NA,NA,NA,NA
561,NA,NA,NA,NA,NA,NA,NA,NA,NA,NA,NA,NA,NA
562,NA,NA,NA,NA,NA,NA,NA,NA,NA,NA,NA,NA,NA
563,NA,NA,NA,NA,NA,NA,NA,NA,NA,NA,NA,NA,NA
564,NA,NA,NA,NA,NA,NA,NA,NA,NA,NA,NA,NA,NA
565,NA,NA,NA,NA,NA,NA,NA,NA,NA,NA,NA,NA,NA
566,NA,NA,NA,NA,NA,NA,NA,NA,NA,NA,NA,NA,NA
567,NA,NA,NA,NA,NA,NA,NA,NA,NA,NA,NA,NA,NA
568,NA,NA,NA,NA,NA,NA,NA,NA,NA,NA,NA,NA,NA
569,NA,NA,NA,NA,NA,NA,NA,NA,NA,NA,NA,NA,NA
570,NA,NA,NA,NA,NA,NA,NA,NA,NA,NA,NA,NA,NA
571,NA,NA,NA,NA,NA,NA,NA,NA,NA,NA,NA,NA,NA
572,NA,NA,NA,NA,NA,NA,NA,NA,NA,NA,NA,NA,NA
573,NA,NA,NA,NA,NA,NA,NA,NA,NA,NA,NA,NA,NA
574,NA,NA,NA,NA,NA,NA,NA,NA,NA,NA,NA,NA,NA
575,NA,NA,NA,NA,NA,NA,NA,NA,NA,NA,NA,NA,NA
576,NA,NA,NA,NA,NA,NA,NA,NA,NA,NA,NA,NA,NA
577,NA,NA,NA,NA,NA,NA,NA,NA,NA,NA,NA,NA,NA
578,NA,NA,NA,NA,NA,NA,NA,NA,NA,NA,NA,NA,NA
579,NA,NA,NA,NA,NA,NA,NA,NA,NA,NA,NA,NA,NA
580,NA,NA,NA,NA,NA,NA,NA,NA,NA,NA,NA,NA,NA
581,NA,NA,NA,NA,NA,NA,NA,NA,NA,NA,NA,NA,NA
582,NA,NA,NA,NA,NA,NA,NA,NA,NA,NA,NA,NA,NA
583,NA,NA,NA,NA,NA,NA,NA,NA,NA,NA,NA,NA,NA
584,NA,NA,NA,NA,NA,NA,NA,NA,NA,NA,NA,NA,NA
585,NA,NA,NA,NA,NA,NA,NA,NA,NA,NA,NA,NA,NA
586,NA,NA,NA,NA,NA,NA,NA,NA,NA,NA,NA,NA,NA
587,NA,NA,NA,NA,NA,NA,NA,NA,NA,NA,NA,NA,NA
588,NA,NA,NA,NA,NA,NA,NA,NA,NA,NA,NA,NA,NA
589,NA,NA,NA,NA,NA,NA,NA,NA,NA,NA,NA,NA,NA
590,NA,NA,NA,NA,NA,NA,NA,NA,NA,NA,NA,NA,NA
591,NA,NA,NA,NA,NA,NA,NA,NA,NA,NA,NA,NA,NA
592,NA,NA,NA,NA,NA,NA,NA,NA,NA,NA,NA,NA,NA
593,NA,NA,NA,NA,NA,NA,NA,NA,NA,NA,NA,NA,NA
594,NA,NA,NA,NA,NA,NA,NA,NA,NA,NA,NA,NA,NA
595,NA,NA,NA,NA,NA,NA,NA,NA,NA,NA,NA,NA,NA
596,NA,NA,NA,NA,NA,NA,NA,NA,NA,NA,NA,NA,NA
597,NA,NA,NA,NA,NA,NA,NA,NA,NA,NA,NA,NA,NA
598,NA,NA,NA,NA,NA,NA,NA,NA,NA,NA,NA,NA,NA
599,NA,NA,NA,NA,NA,NA,NA,NA,NA,NA,NA,NA,NA
600,NA,NA,NA,NA,NA,NA,NA,NA,NA,NA,NA,NA,NA
601,NA,NA,NA,NA,NA,NA,NA,NA,NA,NA,NA,NA,NA
602,NA,NA,NA,NA,NA,NA,NA,NA,NA,NA,NA,NA,NA
603,NA,NA,NA,NA,NA,NA,NA,NA,NA,NA,NA,NA,NA
604,NA,NA,NA,NA,NA,NA,NA,NA,NA,NA,NA,NA,NA
605,NA,NA,NA,NA,NA,NA,NA,NA,NA,NA,NA,NA,NA
606,NA,NA,NA,NA,NA,NA,NA,NA,NA,NA,NA,NA,NA
607,NA,NA,NA,NA,NA,NA,NA,NA,NA,NA,NA,NA,NA
608,NA,NA,NA,NA,NA,NA,NA,NA,NA,NA,NA,NA,NA
609,NA,NA,NA,NA,NA,NA,NA,NA,NA,NA,NA,NA,NA
610,NA,NA,NA,NA,NA,NA,NA,NA,NA,NA,NA,NA,NA
611,NA,NA,NA,NA,NA,NA,NA,NA,NA,NA,NA,NA,NA
612,NA,NA,NA,NA,NA,NA,NA,NA,NA,NA,NA,NA,NA
613,NA,NA,NA,NA,NA,NA,NA,NA,NA,NA,NA,NA,NA
614,NA,NA,NA,NA,NA,NA,NA,NA,NA,NA,NA,NA,NA
615,NA,NA,NA,NA,NA,NA,NA,NA,NA,NA,NA,NA,NA
616,NA,NA,NA,NA,NA,NA,NA,NA,NA,NA,NA,NA,NA
617,NA,NA,NA,NA,NA,NA,NA,NA,NA,NA,NA,NA,NA
618,NA,NA,NA,NA,NA,NA,NA,NA,NA,NA,NA,NA,NA
619,NA,NA,NA,NA,NA,NA,NA,NA,NA,NA,NA,NA,NA
620,NA,NA,NA,NA,NA,NA,NA,NA,NA,NA,NA,NA,NA
621,NA,NA,NA,NA,NA,NA,NA,NA,NA,NA,NA,NA,NA
622,NA,NA,NA,NA,NA,NA,NA,NA,NA,NA,NA,NA,NA
623,NA,NA,NA,NA,NA,NA,NA,NA,NA,NA,NA,NA,NA
624,NA,NA,NA,NA,NA,NA,NA,NA,NA,NA,NA,NA,NA
625,NA,NA,NA,NA,NA,NA,NA,NA,NA,NA,NA,NA,NA
626,NA,NA,NA,NA,NA,NA,NA,NA,NA,NA,NA,NA,NA
627,NA,NA,NA,NA,NA,NA,NA,NA,NA,NA,NA,NA,NA
628,NA,NA,NA,NA,NA,NA,NA,NA,NA,NA,NA,NA,NA
629,NA,NA,NA,NA,NA,NA,NA,NA,NA,NA,NA,NA,NA
630,NA,NA,NA,NA,NA,NA,NA,NA,NA,NA,NA,NA,NA
631,NA,NA,NA,NA,NA,NA,NA,NA,NA,NA,NA,NA,NA
632,NA,NA,NA,NA,NA,NA,NA,NA,NA,NA,NA,NA,NA
633,NA,NA,NA,NA,NA,NA,NA,NA,NA,NA,NA,NA,NA
634,NA,NA,NA,NA,NA,NA,NA,NA,NA,NA,NA,NA,NA
635,NA,NA,NA,NA,NA,NA,NA,NA,NA,NA,NA,NA,NA
636,NA,NA,NA,NA,NA,NA,NA,NA,NA,NA,NA,NA,NA
637,NA,NA,NA,NA,NA,NA,NA,NA,NA,NA,NA,NA,NA
638,NA,NA,NA,NA,NA,NA,NA,NA,NA,NA,NA,NA,NA
639,NA,NA,NA,NA,NA,NA,NA,NA,NA,NA,NA,NA,NA
640,NA,NA,NA,NA,NA,NA,NA,NA,NA,NA,NA,NA,NA
641,NA,NA,NA,NA,NA,NA,NA,NA,NA,NA,NA,NA,NA
642,NA,NA,NA,NA,NA,NA,NA,NA,NA,NA,NA,NA,NA
643,NA,NA,NA,NA,NA,NA,NA,NA,NA,NA,NA,NA,NA
644,NA,NA,NA,NA,NA,NA,NA,NA,NA,NA,NA,NA,NA
645,NA,NA,NA,NA,NA,NA,NA,NA,NA,NA,NA,NA,NA
646,NA,NA,NA,NA,NA,NA,NA,NA,NA,NA,NA,NA,NA
647,NA,NA,NA,NA,NA,NA,NA,NA,NA,NA,NA,NA,NA
648,NA,NA,NA,NA,NA,NA,NA,NA,NA,NA,NA,NA,NA
649,NA,NA,NA,NA,NA,NA,NA,NA,NA,NA,NA,NA,NA
650,NA,NA,NA,NA,NA,NA,NA,NA,NA,NA,NA,NA,NA
651,NA,NA,NA,NA,NA,NA,NA,NA,NA,NA,NA,NA,NA
652,NA,NA,NA,NA,NA,NA,NA,NA,NA,NA,NA,NA,NA
653,NA,NA,NA,NA,NA,NA,NA,NA,NA,NA,NA,NA,NA
654,NA,NA,NA,NA,NA,NA,NA,NA,NA,NA,NA,NA,NA
655,NA,NA,NA,NA,NA,NA,NA,NA,NA,NA,NA,NA,NA
656,NA,NA,NA,NA,NA,NA,NA,NA,NA,NA,NA,NA,NA
657,NA,NA,NA,NA,NA,NA,NA,NA,NA,NA,NA,NA,NA
658,NA,NA,NA,NA,NA,NA,NA,NA,NA,NA,NA,NA,NA
659,NA,NA,NA,NA,NA,NA,NA,NA,NA,NA,NA,NA,NA
660,NA,NA,NA,NA,NA,NA,NA,NA,NA,NA,NA,NA,NA
661,NA,NA,NA,NA,NA,NA,NA,NA,NA,NA,NA,NA,NA
662,NA,NA,NA,NA,NA,NA,NA,NA,NA,NA,NA,NA,NA
663,NA,NA,NA,NA,NA,NA,NA,NA,NA,NA,NA,NA,NA
664,NA,NA,NA,NA,NA,NA,NA,NA,NA,NA,NA,NA,NA
665,NA,NA,NA,NA,NA,NA,NA,NA,NA,NA,NA,NA,NA
666,NA,NA,NA,NA,NA,NA,NA,NA,NA,NA,NA,NA,NA
667,NA,NA,NA,NA,NA,NA,NA,NA,NA,NA,NA,NA,NA
668,NA,NA,NA,NA,NA,NA,NA,NA,NA,NA,NA,NA,NA
669,NA,NA,NA,NA,NA,NA,NA,NA,NA,NA,NA,NA,NA
670,NA,NA,NA,NA,NA,NA,NA,NA,NA,NA,NA,NA,NA
671,NA,NA,NA,NA,NA,NA,NA,NA,NA,NA,NA,NA,NA
672,NA,NA,NA,NA,NA,NA,NA,NA,NA,NA,NA,NA,NA
673,NA,NA,NA,NA,NA,NA,NA,NA,NA,NA,NA,NA,NA
674,NA,NA,NA,NA,NA,NA,NA,NA,NA,NA,NA,NA,NA
675,NA,NA,NA,NA,NA,NA,NA,NA,NA,NA,NA,NA,NA
676,NA,NA,NA,NA,NA,NA,NA,NA,NA,NA,NA,NA,NA
677,NA,NA,NA,NA,NA,NA,NA,NA,NA,NA,NA,NA,NA
678,NA,NA,NA,NA,NA,NA,NA,NA,NA,NA,NA,NA,NA
679,NA,NA,NA,NA,NA,NA,NA,NA,NA,NA,NA,NA,NA
680,NA,NA,NA,NA,NA,NA,NA,NA,NA,NA,NA,NA,NA
681,NA,NA,NA,NA,NA,NA,NA,NA,NA,NA,NA,NA,NA
682,NA,NA,NA,NA,NA,NA,NA,NA,NA,NA,NA,NA,NA
683,NA,NA,NA,NA,NA,NA,NA,NA,NA,NA,NA,NA,NA
684,NA,NA,NA,NA,NA,NA,NA,NA,NA,NA,NA,NA,NA
685,NA,NA,NA,NA,NA,NA,NA,NA,NA,NA,NA,NA,NA
686,NA,NA,NA,NA,NA,NA,NA,NA,NA,NA,NA,NA,NA
687,NA,NA,NA,NA,NA,NA,NA,NA,NA,NA,NA,NA,NA
688,NA,NA,NA,NA,NA,NA,NA,NA,NA,NA,NA,NA,NA
689,NA,NA,NA,NA,NA,NA,NA,NA,NA,NA,NA,NA,NA
690,NA,NA,NA,NA,NA,NA,NA,NA,NA,NA,NA,NA,NA
691,NA,NA,NA,NA,NA,NA,NA,NA,NA,NA,NA,NA,NA
692,NA,NA,NA,NA,NA,NA,NA,NA,NA,NA,NA,NA,NA
693,NA,NA,NA,NA,NA,NA,NA,NA,NA,NA,NA,NA,NA
694,NA,NA,NA,NA,NA,NA,NA,NA,NA,NA,NA,NA,NA
695,NA,NA,NA,NA,NA,NA,NA,NA,NA,NA,NA,NA,NA
696,NA,NA,NA,NA,NA,NA,NA,NA,NA,NA,NA,NA,NA
697,NA,NA,NA,NA,NA,NA,NA,NA,NA,NA,NA,NA,NA
698,NA,NA,NA,NA,NA,NA,NA,NA,NA,NA,NA,NA,NA
699,NA,NA,NA,NA,NA,NA,NA,NA,NA,NA,NA,NA,NA
700,NA,NA,NA,NA,NA,NA,NA,NA,NA,NA,NA,NA,NA
701,NA,NA,NA,NA,NA,NA,NA,NA,NA,NA,NA,NA,NA
702,NA,NA,NA,NA,NA,NA,NA,NA,NA,NA,NA,NA,NA
703,NA,NA,NA,NA,NA,NA,NA,NA,NA,NA,NA,NA,NA
704,NA,NA,NA,NA,NA,NA,NA,NA,NA,NA,NA,NA,NA
705,NA,NA,NA,NA,NA,NA,NA,NA,NA,NA,NA,NA,NA
706,NA,NA,NA,NA,NA,NA,NA,NA,NA,NA,NA,NA,NA
707,NA,NA,NA,NA,NA,NA,NA,NA,NA,NA,NA,NA,NA
708,NA,NA,NA,NA,NA,NA,NA,NA,NA,NA,NA,NA,NA
709,NA,NA,NA,NA,NA,NA,NA,NA,NA,NA,NA,NA,NA
710,NA,NA,NA,NA,NA,NA,NA,NA,NA,NA,NA,NA,NA
711,NA,NA,NA,NA,NA,NA,NA,NA,NA,NA,NA,NA,NA
712,NA,NA,NA,NA,NA,NA,NA,NA,NA,NA,NA,NA,NA
713,NA,NA,NA,NA,NA,NA,NA,NA,NA,NA,NA,NA,NA
714,NA,NA,NA,NA,NA,NA,NA,NA,NA,NA,NA,NA,NA
715,NA,NA,NA,NA,NA,NA,NA,NA,NA,NA,NA,NA,NA
716,NA,NA,NA,NA,NA,NA,NA,NA,NA,NA,NA,NA,NA
717,NA,NA,NA,NA,NA,NA,NA,NA,NA,NA,NA,NA,NA
718,NA,NA,NA,NA,NA,NA,NA,NA,NA,NA,NA,NA,NA
719,NA,NA,NA,NA,NA,NA,NA,NA,NA,NA,NA,NA,NA
720,NA,NA,NA,NA,NA,NA,NA,NA,NA,NA,NA,NA,NA
721,NA,NA,NA,NA,NA,NA,NA,NA,NA,NA,NA,NA,NA
722,NA,NA,NA,NA,NA,NA,NA,NA,NA,NA,NA,NA,NA
723,NA,NA,NA,NA,NA,NA,NA,NA,NA,NA,NA,NA,NA
724,NA,NA,NA,NA,NA,NA,NA,NA,NA,NA,NA,NA,NA
725,NA,NA,NA,NA,NA,NA,NA,NA,NA,NA,NA,NA,NA
726,NA,NA,NA,NA,NA,NA,NA,NA,NA,NA,NA,NA,NA
727,NA,NA,NA,NA,NA,NA,NA,NA,NA,NA,NA,NA,NA
728,NA,NA,NA,NA,NA,NA,NA,NA,NA,NA,NA,NA,NA
729,NA,NA,NA,NA,NA,NA,NA,NA,NA,NA,NA,NA,NA
730,NA,NA,NA,NA,NA,NA,NA,NA,NA,NA,NA,NA,NA
731,NA,NA,NA,NA,NA,NA,NA,NA,NA,NA,NA,NA,NA
732,NA,NA,NA,NA,NA,NA,NA,NA,NA,NA,NA,NA,NA
733,NA,NA,NA,NA,NA,NA,NA,NA,NA,NA,NA,NA,NA
734,NA,NA,NA,NA,NA,NA,NA,NA,NA,NA,NA,NA,NA
735,NA,NA,NA,NA,NA,NA,NA,NA,NA,NA,NA,NA,NA
736,NA,NA,NA,NA,NA,NA,NA,NA,NA,NA,NA,NA,NA
737,NA,NA,NA,NA,NA,NA,NA,NA,NA,NA,NA,NA,NA
738,NA,NA,NA,NA,NA,NA,NA,NA,NA,NA,NA,NA,NA
739,NA,NA,NA,NA,NA,NA,NA,NA,NA,NA,NA,NA,NA
740,NA,NA,NA,NA,NA,NA,NA,NA,NA,NA,NA,NA,NA
741,NA,NA,NA,NA,NA,NA,NA,NA,NA,NA,NA,NA,NA
742,NA,NA,NA,NA,NA,NA,NA,NA,NA,NA,NA,NA,NA
743,NA,NA,NA,NA,NA,NA,NA,NA,NA,NA,NA,NA,NA
744,NA,NA,NA,NA,NA,NA,NA,NA,NA,NA,NA,NA,NA
745,NA,NA,NA,NA,NA,NA,NA,NA,NA,NA,NA,NA,NA
746,NA,NA,NA,NA,NA,NA,NA,NA,NA,NA,NA,NA,NA
747,NA,NA,NA,NA,NA,NA,NA,NA,NA,NA,NA,NA,NA
748,NA,NA,NA,NA,NA,NA,NA,NA,NA,NA,NA,NA,NA
749,NA,NA,NA,NA,NA,NA,NA,NA,NA,NA,NA,NA,NA
750,NA,NA,NA,NA,NA,NA,NA,NA,NA,NA,NA,NA,NA
751,NA,NA,NA,NA,NA,NA,NA,NA,NA,NA,NA,NA,NA
752,NA,NA,NA,NA,NA,NA,NA,NA,NA,NA,NA,NA,NA
753,NA,NA,NA,NA,NA,NA,NA,NA,NA,NA,NA,NA,NA
754,NA,NA,NA,NA,NA,NA,NA,NA,NA,NA,NA,NA,NA
755,NA,NA,NA,NA,NA,NA,NA,NA,NA,NA,NA,NA,NA
756,NA,NA,NA,NA,NA,NA,NA,NA,NA,NA,NA,NA,NA
757,NA,NA,NA,NA,NA,NA,NA,NA,NA,NA,NA,NA,NA
758,NA,NA,NA,NA,NA,NA,NA,NA,NA,NA,NA,NA,NA
759,NA,NA,NA,NA,NA,NA,NA,NA,NA,NA,NA,NA,NA
760,NA,NA,NA,NA,NA,NA,NA,NA,NA,NA,NA,NA,NA
761,NA,NA,NA,NA,NA,NA,NA,NA,NA,NA,NA,NA,NA
762,NA,NA,NA,NA,NA,NA,NA,NA,NA,NA,NA,NA,NA
763,NA,NA,NA,NA,NA,NA,NA,NA,NA,NA,NA,NA,NA
764,NA,NA,NA,NA,NA,NA,NA,NA,NA,NA,NA,NA,NA
765,NA,NA,NA,NA,NA,NA,NA,NA,NA,NA,NA,NA,NA
766,NA,NA,NA,NA,NA,NA,NA,NA,NA,NA,NA,NA,NA
767,NA,NA,NA,NA,NA,NA,NA,NA,NA,NA,NA,NA,NA
768,NA,NA,NA,NA,NA,NA,NA,NA,NA,NA,NA,NA,NA
769,NA,NA,NA,NA,NA,NA,NA,NA,NA,NA,NA,NA,NA
770,NA,NA,NA,NA,NA,NA,NA,NA,NA,NA,NA,NA,NA
771,NA,NA,NA,NA,NA,NA,NA,NA,NA,NA,NA,NA,NA
772,NA,NA,NA,NA,NA,NA,NA,NA,NA,NA,NA,NA,NA
773,NA,NA,NA,NA,NA,NA,NA,NA,NA,NA,NA,NA,NA
774,NA,NA,NA,NA,NA,NA,NA,NA,NA,NA,NA,NA,NA
775,NA,NA,NA,NA,NA,NA,NA,NA,NA,NA,NA,NA,NA
776,NA,NA,NA,NA,NA,NA,NA,NA,NA,NA,NA,NA,NA
777,NA,NA,NA,NA,NA,NA,NA,NA,NA,NA,NA,NA,NA
778,NA,NA,NA,NA,NA,NA,NA,NA,NA,NA,NA,NA,NA
779,NA,NA,NA,NA,NA,NA,NA,NA,NA,NA,NA,NA,NA
780,NA,NA,NA,NA,NA,NA,NA,NA,NA,NA,NA,NA,NA
781,NA,NA,NA,NA,NA,NA,NA,NA,NA,NA,NA,NA,NA
782,NA,NA,NA,NA,NA,NA,NA,NA,NA,NA,NA,NA,NA
783,NA,NA,NA,NA,NA,NA,NA,NA,NA,NA,NA,NA,NA
784,NA,NA,NA,NA,NA,NA,NA,NA,NA,NA,NA,NA,NA
785,NA,NA,NA,NA,NA,NA,NA,NA,NA,NA,NA,NA,NA
786,NA,NA,NA,NA,NA,NA,NA,NA,NA,NA,NA,NA,NA
787,NA,NA,NA,NA,NA,NA,NA,NA,NA,NA,NA,NA,NA
788,NA,NA,NA,NA,NA,NA,NA,NA,NA,NA,NA,NA,NA
789,NA,NA,NA,NA,NA,NA,NA,NA,NA,NA,NA,NA,NA
790,NA,NA,NA,NA,NA,NA,NA,NA,NA,NA,NA,NA,NA
791,NA,NA,NA,NA,NA,NA,NA,NA,NA,NA,NA,NA,NA
792,NA,NA,NA,NA,NA,NA,NA,NA,NA,NA,NA,NA,NA
793,NA,NA,NA,NA,NA,NA,NA,NA,NA,NA,NA,NA,NA
794,NA,NA,NA,NA,NA,NA,NA,NA,NA,NA,NA,NA,NA
795,NA,NA,NA,NA,NA,NA,NA,NA,NA,NA,NA,NA,NA
796,NA,NA,NA,NA,NA,NA,NA,NA,NA,NA,NA,NA,NA
797,NA,NA,NA,NA,NA,NA,NA,NA,NA,NA,NA,NA,NA
798,NA,NA,NA,NA,NA,NA,NA,NA,NA,NA,NA,NA,NA
799,NA,NA,NA,NA,NA,NA,NA,NA,NA,NA,NA,NA,NA
800,NA,NA,NA,NA,NA,NA,NA,NA,NA,NA,NA,NA,NA
801,NA,NA,NA,NA,NA,NA,NA,NA,NA,NA,NA,NA,NA
802,NA,NA,NA,NA,NA,NA,NA,NA,NA,NA,NA,NA,NA
803,NA,NA,NA,NA,NA,NA,NA,NA,NA,NA,NA,NA,NA
804,NA,NA,NA,NA,NA,NA,NA,NA,NA,NA,NA,NA,NA
805,NA,NA,NA,NA,NA,NA,NA,NA,NA,NA,NA,NA,NA
806,NA,NA,NA,NA,NA,NA,NA,NA,NA,NA,NA,NA,NA
807,NA,NA,NA,NA,NA,NA,NA,NA,NA,NA,NA,NA,NA
808,NA,NA,NA,NA,NA,NA,NA,NA,NA,NA,NA,NA,NA
809,NA,NA,NA,NA,NA,NA,NA,NA,NA,NA,NA,NA,NA
810,NA,NA,NA,NA,NA,NA,NA,NA,NA,NA,NA,NA,NA
811,NA,NA,NA,NA,NA,NA,NA,NA,NA,NA,NA,NA,NA
812,NA,NA,NA,NA,NA,NA,NA,NA,NA,NA,NA,NA,NA
813,NA,NA,NA,NA,NA,NA,NA,NA,NA,NA,NA,NA,NA
814,NA,NA,NA,NA,NA,NA,NA,NA,NA,NA,NA,NA,NA
815,NA,NA,NA,NA,NA,NA,NA,NA,NA,NA,NA,NA,NA
816,NA,NA,NA,NA,NA,NA,NA,NA,NA,NA,NA,NA,NA
817,NA,NA,NA,NA,NA,NA,NA,NA,NA,NA,NA,NA,NA
818,NA,NA,NA,NA,NA,NA,NA,NA,NA,NA,NA,NA,NA
819,NA,NA,NA,NA,NA,NA,NA,NA,NA,NA,NA,NA,NA
820,NA,NA,NA,NA,NA,NA,NA,NA,NA,NA,NA,NA,NA
821,NA,NA,NA,NA,NA,NA,NA,NA,NA,NA,NA,NA,NA
822,NA,NA,NA,NA,NA,NA,NA,NA,NA,NA,NA,NA,NA
823,NA,NA,NA,NA,NA,NA,NA,NA,NA,NA,NA,NA,NA
824,NA,NA,NA,NA,NA,NA,NA,NA,NA,NA,NA,NA,NA
825,NA,NA,NA,NA,NA,NA,NA,NA,NA,NA,NA,NA,NA
826,NA,NA,NA,NA,NA,NA,NA,NA,NA,NA,NA,NA,NA
827,NA,NA,NA,NA,NA,NA,NA,NA,NA,NA,NA,NA,NA
828,NA,NA,NA,NA,NA,NA,NA,NA,NA,NA,NA,NA,NA
829,NA,NA,NA,NA,NA,NA,NA,NA,NA,NA,NA,NA,NA
830,NA,NA,NA,NA,NA,NA,NA,NA,NA,NA,NA,NA,NA
831,NA,NA,NA,NA,NA,NA,NA,NA,NA,NA,NA,NA,NA
832,NA,NA,NA,NA,NA,NA,NA,NA,NA,NA,NA,NA,NA
833,NA,NA,NA,NA,NA,NA,NA,NA,NA,NA,NA,NA,NA
834,NA,NA,NA,NA,NA,NA,NA,NA,NA,NA,NA,NA,NA
835,NA,NA,NA,NA,NA,NA,NA,NA,NA,NA,NA,NA,NA
836,NA,NA,NA,NA,NA,NA,NA,NA,NA,NA,NA,NA,NA
837,NA,NA,NA,NA,NA,NA,NA,NA,NA,NA,NA,NA,NA
838,NA,NA,NA,NA,NA,NA,NA,NA,NA,NA,NA,NA,NA
839,NA,NA,NA,NA,NA,NA,NA,NA,NA,NA,NA,NA,NA
840,NA,NA,NA,NA,NA,NA,NA,NA,NA,NA,NA,NA,NA
841,NA,NA,NA,NA,NA,NA,NA,NA,NA,NA,NA,NA,NA
842,NA,NA,NA,NA,NA,NA,NA,NA,NA,NA,NA,NA,NA
843,NA,NA,NA,NA,NA,NA,NA,NA,NA,NA,NA,NA,NA
844,NA,NA,NA,NA,NA,NA,NA,NA,NA,NA,NA,NA,NA
845,NA,NA,NA,NA,NA,NA,NA,NA,NA,NA,NA,NA,NA
846,NA,NA,NA,NA,NA,NA,NA,NA,NA,NA,NA,NA,NA
847,NA,NA,NA,NA,NA,NA,NA,NA,NA,NA,NA,NA,NA
848,NA,NA,NA,NA,NA,NA,NA,NA,NA,NA,NA,NA,NA
849,NA,NA,NA,NA,NA,NA,NA,NA,NA,NA,NA,NA,NA
850,NA,NA,NA,NA,NA,NA,NA,NA,NA,NA,NA,NA,NA
851,NA,NA,NA,NA,NA,NA,NA,NA,NA,NA,NA,NA,NA
852,NA,NA,NA,NA,NA,NA,NA,NA,NA,NA,NA,NA,NA
853,NA,NA,NA,NA,NA,NA,NA,NA,NA,NA,NA,NA,NA
854,NA,NA,NA,NA,NA,NA,NA,NA,NA,NA,NA,NA,NA
855,NA,NA,NA,NA,NA,NA,NA,NA,NA,NA,NA,NA,NA
856,NA,NA,NA,NA,NA,NA,NA,NA,NA,NA,NA,NA,NA
857,NA,NA,NA,NA,NA,NA,NA,NA,NA,NA,NA,NA,NA
858,NA,NA,NA,NA,NA,NA,NA,NA,NA,NA,NA,NA,NA
859,NA,NA,NA,NA,NA,NA,NA,NA,NA,NA,NA,NA,NA
860,NA,NA,NA,NA,NA,NA,NA,NA,NA,NA,NA,NA,NA
861,NA,NA,NA,NA,NA,NA,NA,NA,NA,NA,NA,NA,NA
862,NA,NA,NA,NA,NA,NA,NA,NA,NA,NA,NA,NA,NA
863,NA,NA,NA,NA,NA,NA,NA,NA,NA,NA,NA,NA,NA
864,NA,NA,NA,NA,NA,NA,NA,NA,NA,NA,NA,NA,NA
865,NA,NA,NA,NA,NA,NA,NA,NA,NA,NA,NA,NA,NA
866,NA,NA,NA,NA,NA,NA,NA,NA,NA,NA,NA,NA,NA
867,NA,NA,NA,NA,NA,NA,NA,NA,NA,NA,NA,NA,NA
868,NA,NA,NA,NA,NA,NA,NA,NA,NA,NA,NA,NA,NA
869,NA,NA,NA,NA,NA,NA,NA,NA,NA,NA,NA,NA,NA
870,NA,NA,NA,NA,NA,NA,NA,NA,NA,NA,NA,NA,NA
871,NA,NA,NA,NA,NA,NA,NA,NA,NA,NA,NA,NA,NA
872,NA,NA,NA,NA,NA,NA,NA,NA,NA,NA,NA,NA,NA
873,NA,NA,NA,NA,NA,NA,NA,NA,NA,NA,NA,NA,NA
874,NA,NA,NA,NA,NA,NA,NA,NA,NA,NA,NA,NA,NA
875,NA,NA,NA,NA,NA,NA,NA,NA,NA,NA,NA,NA,NA
876,NA,NA,NA,NA,NA,NA,NA,NA,NA,NA,NA,NA,NA
877,NA,NA,NA,NA,NA,NA,NA,NA,NA,NA,NA,NA,NA
878,NA,NA,NA,NA,NA,NA,NA,NA,NA,NA,NA,NA,NA
879,NA,NA,NA,NA,NA,NA,NA,NA,NA,NA,NA,NA,NA
880,NA,NA,NA,NA,NA,NA,NA,NA,NA,NA,NA,NA,NA
881,NA,NA,NA,NA,NA,NA,NA,NA,NA,NA,NA,NA,NA
882,NA,NA,NA,NA,NA,NA,NA,NA,NA,NA,NA,NA,NA
883,NA,NA,NA,NA,NA,NA,NA,NA,NA,NA,NA,NA,NA
884,NA,NA,NA,NA,NA,NA,NA,NA,NA,NA,NA,NA,NA
885,NA,NA,NA,NA,NA,NA,NA,NA,NA,NA,NA,NA,NA
886,NA,NA,NA,NA,NA,NA,NA,NA,NA,NA,NA,NA,NA
887,NA,NA,NA,NA,NA,NA,NA,NA,NA,NA,NA,NA,NA
888,NA,NA,NA,NA,NA,NA,NA,NA,NA,NA,NA,NA,NA
889,NA,NA,NA,NA,NA,NA,NA,NA,NA,NA,NA,NA,NA
890,NA,NA,NA,NA,NA,NA,NA,NA,NA,NA,NA,NA,NA
891,NA,NA,NA,NA,NA,NA,NA,NA,NA,NA,NA,NA,NA
892,NA,NA,NA,NA,NA,NA,NA,NA,NA,NA,NA,NA,NA
893,NA,NA,NA,NA,NA,NA,NA,NA,NA,NA,NA,NA,NA
894,NA,NA,NA,NA,NA,NA,NA,NA,NA,NA,NA,NA,NA
895,NA,NA,NA,NA,NA,NA,NA,NA,NA,NA,NA,NA,NA
896,NA,NA,NA,NA,NA,NA,NA,NA,NA,NA,NA,NA,NA
897,NA,NA,NA,NA,NA,NA,NA,NA,NA,NA,NA,NA,NA
898,NA,NA,NA,NA,NA,NA,NA,NA,NA,NA,NA,NA,NA
899,NA,NA,NA,NA,NA,NA,NA,NA,NA,NA,NA,NA,NA
900,NA,NA,NA,NA,NA,NA,NA,NA,NA,NA,NA,NA,NA
901,NA,NA,NA,NA,NA,NA,NA,NA,NA,NA,NA,NA,NA
902,NA,NA,NA,NA,NA,NA,NA,NA,NA,NA,NA,NA,NA
903,NA,NA,NA,NA,NA,NA,NA,NA,NA,NA,NA,NA,NA
904,NA,NA,NA,NA,NA,NA,NA,NA,NA,NA,NA,NA,NA
905,NA,NA,NA,NA,NA,NA,NA,NA,NA,NA,NA,NA,NA
906,NA,NA,NA,NA,NA,NA,NA,NA,NA,NA,NA,NA,NA
907,NA,NA,NA,NA,NA,NA,NA,NA,NA,NA,NA,NA,NA
908,NA,NA,NA,NA,NA,NA,NA,NA,NA,NA,NA,NA,NA
909,NA,NA,NA,NA,NA,NA,NA,NA,NA,NA,NA,NA,NA
910,NA,NA,NA,NA,NA,NA,NA,NA,NA,NA,NA,NA,NA
911,NA,NA,NA,NA,NA,NA,NA,NA,NA,NA,NA,NA,NA
912,NA,NA,NA,NA,NA,NA,NA,NA,NA,NA,NA,NA,NA
913,NA,NA,NA,NA,NA,NA,NA,NA,NA,NA,NA,NA,NA
914,NA,NA,NA,NA,NA,NA,NA,NA,NA,NA,NA,NA,NA
915,NA,NA,NA,NA,NA,NA,NA,NA,NA,NA,NA,NA,NA
916,NA,NA,NA,NA,NA,NA,NA,NA,NA,NA,NA,NA,NA
917,NA,NA,NA,NA,NA,NA,NA,NA,NA,NA,NA,NA,NA
918,NA,NA,NA,NA,NA,NA,NA,NA,NA,NA,NA,NA,NA
919,NA,NA,NA,NA,NA,NA,NA,NA,NA,NA,NA,NA,NA
920,NA,NA,NA,NA,NA,NA,NA,NA,NA,NA,NA,NA,NA
921,NA,NA,NA,NA,NA,NA,NA,NA,NA,NA,NA,NA,NA
922,NA,NA,NA,NA,NA,NA,NA,NA,NA,NA,NA,NA,NA
923,NA,NA,NA,NA,NA,NA,NA,NA,NA,NA,NA,NA,NA
924,NA,NA,NA,NA,NA,NA,NA,NA,NA,NA,NA,NA,NA
925,NA,NA,NA,NA,NA,NA,NA,NA,NA,NA,NA,NA,NA
926,NA,NA,NA,NA,NA,NA,NA,NA,NA,NA,NA,NA,NA
927,NA,NA,NA,NA,NA,NA,NA,NA,NA,NA,NA,NA,NA
928,NA,NA,NA,NA,NA,NA,NA,NA,NA,NA,NA,NA,NA
929,NA,NA,NA,NA,NA,NA,NA,NA,NA,NA,NA,NA,NA
930,NA,NA,NA,NA,NA,NA,NA,NA,NA,NA,NA,NA,NA
931,NA,NA,NA,NA,NA,NA,NA,NA,NA,NA,NA,NA,NA
932,NA,NA,NA,NA,NA,NA,NA,NA,NA,NA,NA,NA,NA
933,NA,NA,NA,NA,NA,NA,NA,NA,NA,NA,NA,NA,NA
934,NA,NA,NA,NA,NA,NA,NA,NA,NA,NA,NA,NA,NA
935,NA,NA,NA,NA,NA,NA,NA,NA,NA,NA,NA,NA,NA
936,NA,NA,NA,NA,NA,NA,NA,NA,NA,NA,NA,NA,NA
937,NA,NA,NA,NA,NA,NA,NA,NA,NA,NA,NA,NA,NA
938,NA,NA,NA,NA,NA,NA,NA,NA,NA,NA,NA,NA,NA
939,NA,NA,NA,NA,NA,NA,NA,NA,NA,NA,NA,NA,NA
940,NA,NA,NA,NA,NA,NA,NA,NA,NA,NA,NA,NA,NA
941,NA,NA,NA,NA,NA,NA,NA,NA,NA,NA,NA,NA,NA
942,NA,NA,NA,NA,NA,NA,NA,NA,NA,NA,NA,NA,NA
943,NA,NA,NA,NA,NA,NA,NA,NA,NA,NA,NA,NA,NA
944,NA,NA,NA,NA,NA,NA,NA,NA,NA,NA,NA,NA,NA
945,NA,NA,NA,NA,NA,NA,NA,NA,NA,NA,NA,NA,NA
946,NA,NA,NA,NA,NA,NA,NA,NA,NA,NA,NA,NA,NA
947,NA,NA,NA,NA,NA,NA,NA,NA,NA,NA,NA,NA,NA
948,NA,NA,NA,NA,NA,NA,NA,NA,NA,NA,NA,NA,NA
949,NA,NA,NA,NA,NA,NA,NA,NA,NA,NA,NA,NA,NA
950,NA,NA,NA,NA,NA,NA,NA,NA,NA,NA,NA,NA,NA
951,NA,NA,NA,NA,NA,NA,NA,NA,NA,NA,NA,NA,NA
952,NA,NA,NA,NA,NA,NA,NA,NA,NA,NA,NA,NA,NA
953,NA,NA,NA,NA,NA,NA,NA,NA,NA,NA,NA,NA,NA
954,NA,NA,NA,NA,NA,NA,NA,NA,NA,NA,NA,NA,NA
955,NA,NA,NA,NA,NA,NA,NA,NA,NA,NA,NA,NA,NA
956,NA,NA,NA,NA,NA,NA,NA,NA,NA,NA,NA,NA,NA
957,NA,NA,NA,NA,NA,NA,NA,NA,NA,NA,NA,NA,NA
958,NA,NA,NA,NA,NA,NA,NA,NA,NA,NA,NA,NA,NA
959,NA,NA,NA,NA,NA,NA,NA,NA,NA,NA,NA,NA,NA
960,NA,NA,NA,NA,NA,NA,NA,NA,NA,NA,NA,NA,NA
961,NA,NA,NA,NA,NA,NA,NA,NA,NA,NA,NA,NA,NA
962,NA,NA,NA,NA,NA,NA,NA,NA,NA,NA,NA,NA,NA
963,NA,NA,NA,NA,NA,NA,NA,NA,NA,NA,NA,NA,NA
964,NA,NA,NA,NA,NA,NA,NA,NA,NA,NA,NA,NA,NA
965,NA,NA,NA,NA,NA,NA,NA,NA,NA,NA,NA,NA,NA
966,NA,NA,NA,NA,NA,NA,NA,NA,NA,NA,NA,NA,NA
967,NA,NA,NA,NA,NA,NA,NA,NA,NA,NA,NA,NA,NA
968,NA,NA,NA,NA,NA,NA,NA,NA,NA,NA,NA,NA,NA
969,NA,NA,NA,NA,NA,NA,NA,NA,NA,NA,NA,NA,NA
970,NA,NA,NA,NA,NA,NA,NA,NA,NA,NA,NA,NA,NA
971,NA,NA,NA,NA,NA,NA,NA,NA,NA,NA,NA,NA,NA
972,NA,NA,NA,NA,NA,NA,NA,NA,NA,NA,NA,NA,NA
973,NA,NA,NA,NA,NA,NA,NA,NA,NA,NA,NA,NA,NA
974,NA,NA,NA,NA,NA,NA,NA,NA,NA,NA,NA,NA,NA
975,NA,NA,NA,NA,NA,NA,NA,NA,NA,NA,NA,NA,NA
976,NA,NA,NA,NA,NA,NA,NA,NA,NA,NA,NA,NA,NA
977,NA,NA,NA,NA,NA,NA,NA,NA,NA,NA,NA,NA,NA
978,NA,NA,NA,NA,NA,NA,NA,NA,NA,NA,NA,NA,NA
979,NA,NA,NA,NA,NA,NA,NA,NA,NA,NA,NA,NA,NA
980,NA,NA,NA,NA,NA,NA,NA,NA,NA,NA,NA,NA,NA
981,NA,NA,NA,NA,NA,NA,NA,NA,NA,NA,NA,NA,NA
982,NA,NA,NA,NA,NA,NA,NA,NA,NA,NA,NA,NA,NA
983,NA,NA,NA,NA,NA,NA,NA,NA,NA,NA,NA,NA,NA
984,NA,NA,NA,NA,NA,NA,NA,NA,NA,NA,NA,NA,NA
985,NA,NA,NA,NA,NA,NA,NA,NA,NA,NA,NA,NA,NA
986,NA,NA,NA,NA,NA,NA,NA,NA,NA,NA,NA,NA,NA
987,NA,NA,NA,NA,NA,NA,NA,NA,NA,NA,NA,NA,NA
988,NA,NA,NA,NA,NA,NA,NA,NA,NA,NA,NA,NA,NA
989,NA,NA,NA,NA,NA,NA,NA,NA,NA,NA,NA,NA,NA
990,NA,NA,NA,NA,NA,NA,NA,NA,NA,NA,NA,NA,NA
991,NA,NA,NA,NA,NA,NA,NA,NA,NA,NA,NA,NA,NA
992,NA,NA,NA,NA,NA,NA,NA,NA,NA,NA,NA,NA,NA
993,NA,NA,NA,NA,NA,NA,NA,NA,NA,NA,NA,NA,NA
994,NA,NA,NA,NA,NA,NA,NA,NA,NA,NA,NA,NA,NA
995,NA,NA,NA,NA,NA,NA,NA,NA,NA,NA,NA,NA,NA
996,NA,NA,NA,NA,NA,NA,NA,NA,NA,NA,NA,NA,NA
997,NA,NA,NA,NA,NA,NA,NA,NA,NA,NA,NA,NA,NA
998,NA,NA,NA,NA,NA,NA,NA,NA,NA,NA,NA,NA,NA
999,NA,NA,NA,NA,NA,NA,NA,NA,NA,NA,NA,NA,NA
1000,NA,NA,NA,NA,NA,NA,NA,NA,NA,NA,NA,NA,NA
